1,1,0.0055248618784530384,LDAgent@3,(Offer  bid:Bid[Food: Finger-Food, Drinks: Beer Only, Location: Party Room, Invitations: Custom, Printed, Music: DJ, Cleanup: Specialized Materials, ])
1,2,0.0055248618784530384,ParsCat@4,(Offer  bid:Bid[Food: Catering, Drinks: Handmade Cocktails, Location: Party Room, Invitations: Custom, Printed, Music: MP3, Cleanup: Water and Soap, ])
1,3,0.0055248618784530384,SYAgent@5,(Offer  bid:Bid[Food: Chips and Nuts, Drinks: Non-Alcoholic, Location: Party Tent, Invitations: Plain, Music: Band, Cleanup: Hired Help, ])
2,1,0.011049723756906077,LDAgent@3,(Offer  bid:Bid[Food: Chips and Nuts, Drinks: Beer Only, Location: Party Room, Invitations: Custom, Handmade, Music: DJ, Cleanup: Water and Soap, ])
2,2,0.011049723756906077,ParsCat@4,(Offer  bid:Bid[Food: Catering, Drinks: Handmade Cocktails, Location: Party Room, Invitations: Plain, Music: MP3, Cleanup: Water and Soap, ])
2,3,0.011049723756906077,SYAgent@5,(Offer  bid:Bid[Food: Chips and Nuts, Drinks: Non-Alcoholic, Location: Party Tent, Invitations: Plain, Music: Band, Cleanup: Hired Help, ])
3,1,0.016574585635359115,LDAgent@3,(Offer  bid:Bid[Food: Handmade Food, Drinks: Beer Only, Location: Party Room, Invitations: Custom, Handmade, Music: DJ, Cleanup: Water and Soap, ])
3,2,0.016574585635359115,ParsCat@4,(Offer  bid:Bid[Food: Catering, Drinks: Handmade Cocktails, Location: Party Room, Invitations: Plain, Music: MP3, Cleanup: Water and Soap, ])
3,3,0.016574585635359115,SYAgent@5,(Offer  bid:Bid[Food: Chips and Nuts, Drinks: Non-Alcoholic, Location: Party Tent, Invitations: Plain, Music: Band, Cleanup: Hired Help, ])
4,1,0.022099447513812154,LDAgent@3,(Offer  bid:Bid[Food: Chips and Nuts, Drinks: Beer Only, Location: Party Room, Invitations: Photo, Music: DJ, Cleanup: Hired Help, ])
4,2,0.022099447513812154,ParsCat@4,(Offer  bid:Bid[Food: Handmade Food, Drinks: Handmade Cocktails, Location: Party Room, Invitations: Custom, Printed, Music: MP3, Cleanup: Water and Soap, ])
4,3,0.022099447513812154,SYAgent@5,(Offer  bid:Bid[Food: Chips and Nuts, Drinks: Non-Alcoholic, Location: Party Tent, Invitations: Plain, Music: Band, Cleanup: Hired Help, ])
5,1,0.027624309392265192,LDAgent@3,(Offer  bid:Bid[Food: Chips and Nuts, Drinks: Beer Only, Location: Ballroom, Invitations: Photo, Music: DJ, Cleanup: Specialized Materials, ])
5,2,0.027624309392265192,ParsCat@4,(Offer  bid:Bid[Food: Catering, Drinks: Handmade Cocktails, Location: Party Room, Invitations: Plain, Music: MP3, Cleanup: Water and Soap, ])
5,3,0.027624309392265192,SYAgent@5,(Offer  bid:Bid[Food: Chips and Nuts, Drinks: Non-Alcoholic, Location: Party Tent, Invitations: Plain, Music: Band, Cleanup: Hired Help, ])
6,1,0.03314917127071823,LDAgent@3,(Offer  bid:Bid[Food: Chips and Nuts, Drinks: Beer Only, Location: Party Room, Invitations: Custom, Handmade, Music: DJ, Cleanup: Water and Soap, ])
6,2,0.03314917127071823,ParsCat@4,(Offer  bid:Bid[Food: Catering, Drinks: Handmade Cocktails, Location: Party Room, Invitations: Custom, Printed, Music: Band, Cleanup: Water and Soap, ])
6,3,0.03314917127071823,SYAgent@5,(Offer  bid:Bid[Food: Chips and Nuts, Drinks: Non-Alcoholic, Location: Party Tent, Invitations: Plain, Music: Band, Cleanup: Hired Help, ])
7,1,0.03867403314917127,LDAgent@3,(Offer  bid:Bid[Food: Chips and Nuts, Drinks: Beer Only, Location: Party Tent, Invitations: Custom, Handmade, Music: DJ, Cleanup: Specialized Materials, ])
7,2,0.03867403314917127,ParsCat@4,(Offer  bid:Bid[Food: Handmade Food, Drinks: Handmade Cocktails, Location: Party Room, Invitations: Custom, Printed, Music: MP3, Cleanup: Water and Soap, ])
7,3,0.03867403314917127,SYAgent@5,(Offer  bid:Bid[Food: Chips and Nuts, Drinks: Non-Alcoholic, Location: Party Tent, Invitations: Plain, Music: Band, Cleanup: Hired Help, ])
8,1,0.04419889502762431,LDAgent@3,(Offer  bid:Bid[Food: Chips and Nuts, Drinks: Beer Only, Location: Party Room, Invitations: Custom, Handmade, Music: DJ, Cleanup: Water and Soap, ])
8,2,0.04419889502762431,ParsCat@4,(Offer  bid:Bid[Food: Catering, Drinks: Handmade Cocktails, Location: Party Room, Invitations: Plain, Music: Band, Cleanup: Water and Soap, ])
8,3,0.04419889502762431,SYAgent@5,(Offer  bid:Bid[Food: Chips and Nuts, Drinks: Non-Alcoholic, Location: Party Tent, Invitations: Plain, Music: Band, Cleanup: Hired Help, ])
9,1,0.049723756906077346,LDAgent@3,(Offer  bid:Bid[Food: Chips and Nuts, Drinks: Handmade Cocktails, Location: Party Room, Invitations: Custom, Handmade, Music: DJ, Cleanup: Specialized Materials, ])
9,2,0.049723756906077346,ParsCat@4,(Offer  bid:Bid[Food: Handmade Food, Drinks: Handmade Cocktails, Location: Party Room, Invitations: Custom, Printed, Music: MP3, Cleanup: Water and Soap, ])
9,3,0.049723756906077346,SYAgent@5,(Offer  bid:Bid[Food: Chips and Nuts, Drinks: Non-Alcoholic, Location: Party Tent, Invitations: Plain, Music: Band, Cleanup: Hired Help, ])
10,1,0.055248618784530384,LDAgent@3,(Offer  bid:Bid[Food: Finger-Food, Drinks: Beer Only, Location: Party Room, Invitations: Custom, Printed, Music: DJ, Cleanup: Specialized Materials, ])
10,2,0.055248618784530384,ParsCat@4,(Offer  bid:Bid[Food: Catering, Drinks: Handmade Cocktails, Location: Party Room, Invitations: Plain, Music: MP3, Cleanup: Water and Soap, ])
10,3,0.055248618784530384,SYAgent@5,(Offer  bid:Bid[Food: Chips and Nuts, Drinks: Non-Alcoholic, Location: Party Tent, Invitations: Plain, Music: Band, Cleanup: Hired Help, ])
11,1,0.06077348066298342,LDAgent@3,(Offer  bid:Bid[Food: Chips and Nuts, Drinks: Beer Only, Location: Party Room, Invitations: Custom, Handmade, Music: MP3, Cleanup: Water and Soap, ])
11,2,0.06077348066298342,ParsCat@4,(Offer  bid:Bid[Food: Catering, Drinks: Handmade Cocktails, Location: Party Room, Invitations: Custom, Printed, Music: Band, Cleanup: Water and Soap, ])
11,3,0.06077348066298342,SYAgent@5,(Offer  bid:Bid[Food: Chips and Nuts, Drinks: Non-Alcoholic, Location: Party Tent, Invitations: Custom, Printed, Music: Band, Cleanup: Hired Help, ])
12,1,0.06629834254143646,LDAgent@3,(Offer  bid:Bid[Food: Chips and Nuts, Drinks: Beer Only, Location: Party Room, Invitations: Custom, Printed, Music: DJ, Cleanup: Water and Soap, ])
12,2,0.06629834254143646,ParsCat@4,(Offer  bid:Bid[Food: Catering, Drinks: Handmade Cocktails, Location: Party Room, Invitations: Plain, Music: MP3, Cleanup: Water and Soap, ])
12,3,0.06629834254143646,SYAgent@5,(Offer  bid:Bid[Food: Chips and Nuts, Drinks: Non-Alcoholic, Location: Party Tent, Invitations: Custom, Printed, Music: Band, Cleanup: Hired Help, ])
13,1,0.0718232044198895,LDAgent@3,(Offer  bid:Bid[Food: Chips and Nuts, Drinks: Beer Only, Location: Party Room, Invitations: Custom, Printed, Music: MP3, Cleanup: Specialized Materials, ])
13,2,0.0718232044198895,ParsCat@4,(Offer  bid:Bid[Food: Catering, Drinks: Handmade Cocktails, Location: Party Room, Invitations: Custom, Printed, Music: Band, Cleanup: Water and Soap, ])
13,3,0.0718232044198895,SYAgent@5,(Offer  bid:Bid[Food: Chips and Nuts, Drinks: Non-Alcoholic, Location: Party Tent, Invitations: Plain, Music: Band, Cleanup: Hired Help, ])
14,1,0.07734806629834254,LDAgent@3,(Offer  bid:Bid[Food: Chips and Nuts, Drinks: Beer Only, Location: Ballroom, Invitations: Photo, Music: DJ, Cleanup: Water and Soap, ])
14,2,0.07734806629834254,ParsCat@4,(Offer  bid:Bid[Food: Handmade Food, Drinks: Handmade Cocktails, Location: Party Room, Invitations: Custom, Printed, Music: MP3, Cleanup: Water and Soap, ])
14,3,0.07734806629834254,SYAgent@5,(Offer  bid:Bid[Food: Chips and Nuts, Drinks: Non-Alcoholic, Location: Party Tent, Invitations: Plain, Music: MP3, Cleanup: Hired Help, ])
15,1,0.08287292817679558,LDAgent@3,(Offer  bid:Bid[Food: Chips and Nuts, Drinks: Beer Only, Location: Party Room, Invitations: Custom, Printed, Music: DJ, Cleanup: Hired Help, ])
15,2,0.08287292817679558,ParsCat@4,(Offer  bid:Bid[Food: Catering, Drinks: Handmade Cocktails, Location: Party Room, Invitations: Custom, Printed, Music: Band, Cleanup: Water and Soap, ])
15,3,0.08287292817679558,SYAgent@5,(Offer  bid:Bid[Food: Chips and Nuts, Drinks: Non-Alcoholic, Location: Party Tent, Invitations: Plain, Music: MP3, Cleanup: Hired Help, ])
16,1,0.08839779005524862,LDAgent@3,(Offer  bid:Bid[Food: Chips and Nuts, Drinks: Beer Only, Location: Ballroom, Invitations: Custom, Handmade, Music: DJ, Cleanup: Water and Soap, ])
16,2,0.08839779005524862,ParsCat@4,(Offer  bid:Bid[Food: Catering, Drinks: Handmade Cocktails, Location: Party Room, Invitations: Custom, Printed, Music: Band, Cleanup: Water and Soap, ])
16,3,0.08839779005524862,SYAgent@5,(Offer  bid:Bid[Food: Chips and Nuts, Drinks: Non-Alcoholic, Location: Party Tent, Invitations: Custom, Printed, Music: Band, Cleanup: Hired Help, ])
17,1,0.09392265193370165,LDAgent@3,(Offer  bid:Bid[Food: Chips and Nuts, Drinks: Beer Only, Location: Party Room, Invitations: Photo, Music: DJ, Cleanup: Water and Soap, ])
17,2,0.09392265193370165,ParsCat@4,(Offer  bid:Bid[Food: Handmade Food, Drinks: Handmade Cocktails, Location: Party Room, Invitations: Custom, Printed, Music: MP3, Cleanup: Water and Soap, ])
17,3,0.09392265193370165,SYAgent@5,(Offer  bid:Bid[Food: Chips and Nuts, Drinks: Non-Alcoholic, Location: Party Tent, Invitations: Photo, Music: Band, Cleanup: Hired Help, ])
18,1,0.09944751381215469,LDAgent@3,(Offer  bid:Bid[Food: Chips and Nuts, Drinks: Beer Only, Location: Ballroom, Invitations: Custom, Handmade, Music: DJ, Cleanup: Water and Soap, ])
18,2,0.09944751381215469,ParsCat@4,(Offer  bid:Bid[Food: Catering, Drinks: Handmade Cocktails, Location: Party Room, Invitations: Custom, Printed, Music: Band, Cleanup: Water and Soap, ])
18,3,0.09944751381215469,SYAgent@5,(Offer  bid:Bid[Food: Chips and Nuts, Drinks: Non-Alcoholic, Location: Ballroom, Invitations: Plain, Music: Band, Cleanup: Hired Help, ])
19,1,0.10497237569060773,LDAgent@3,(Offer  bid:Bid[Food: Handmade Food, Drinks: Beer Only, Location: Party Room, Invitations: Custom, Printed, Music: DJ, Cleanup: Specialized Materials, ])
19,2,0.10497237569060773,ParsCat@4,(Offer  bid:Bid[Food: Handmade Food, Drinks: Handmade Cocktails, Location: Party Room, Invitations: Custom, Printed, Music: Band, Cleanup: Water and Soap, ])
19,3,0.10497237569060773,SYAgent@5,(Offer  bid:Bid[Food: Chips and Nuts, Drinks: Non-Alcoholic, Location: Party Tent, Invitations: Plain, Music: Band, Cleanup: Hired Help, ])
20,1,0.11049723756906077,LDAgent@3,(Offer  bid:Bid[Food: Chips and Nuts, Drinks: Beer Only, Location: Party Room, Invitations: Custom, Printed, Music: MP3, Cleanup: Specialized Materials, ])
20,2,0.11049723756906077,ParsCat@4,(Offer  bid:Bid[Food: Handmade Food, Drinks: Handmade Cocktails, Location: Party Room, Invitations: Custom, Printed, Music: MP3, Cleanup: Water and Soap, ])
20,3,0.11049723756906077,SYAgent@5,(Offer  bid:Bid[Food: Chips and Nuts, Drinks: Non-Alcoholic, Location: Ballroom, Invitations: Plain, Music: Band, Cleanup: Hired Help, ])
21,1,0.11602209944751381,LDAgent@3,(Offer  bid:Bid[Food: Chips and Nuts, Drinks: Beer Only, Location: Party Room, Invitations: Photo, Music: MP3, Cleanup: Specialized Materials, ])
21,2,0.11602209944751381,ParsCat@4,(Offer  bid:Bid[Food: Catering, Drinks: Handmade Cocktails, Location: Party Room, Invitations: Custom, Printed, Music: Band, Cleanup: Water and Soap, ])
21,3,0.11602209944751381,SYAgent@5,(Offer  bid:Bid[Food: Chips and Nuts, Drinks: Non-Alcoholic, Location: Party Tent, Invitations: Plain, Music: MP3, Cleanup: Hired Help, ])
22,1,0.12154696132596685,LDAgent@3,(Offer  bid:Bid[Food: Finger-Food, Drinks: Beer Only, Location: Party Room, Invitations: Custom, Handmade, Music: DJ, Cleanup: Specialized Materials, ])
22,2,0.12154696132596685,ParsCat@4,(Offer  bid:Bid[Food: Handmade Food, Drinks: Handmade Cocktails, Location: Party Room, Invitations: Plain, Music: MP3, Cleanup: Water and Soap, ])
22,3,0.12154696132596685,SYAgent@5,(Offer  bid:Bid[Food: Chips and Nuts, Drinks: Non-Alcoholic, Location: Party Tent, Invitations: Plain, Music: Band, Cleanup: Special Equiment, ])
23,1,0.1270718232044199,LDAgent@3,(Offer  bid:Bid[Food: Handmade Food, Drinks: Beer Only, Location: Party Room, Invitations: Custom, Printed, Music: DJ, Cleanup: Specialized Materials, ])
23,2,0.1270718232044199,ParsCat@4,(Offer  bid:Bid[Food: Handmade Food, Drinks: Handmade Cocktails, Location: Party Room, Invitations: Custom, Printed, Music: MP3, Cleanup: Water and Soap, ])
23,3,0.1270718232044199,SYAgent@5,(Offer  bid:Bid[Food: Chips and Nuts, Drinks: Non-Alcoholic, Location: Party Tent, Invitations: Plain, Music: Band, Cleanup: Special Equiment, ])
24,1,0.13259668508287292,LDAgent@3,(Offer  bid:Bid[Food: Chips and Nuts, Drinks: Beer Only, Location: Party Room, Invitations: Photo, Music: DJ, Cleanup: Specialized Materials, ])
24,2,0.13259668508287292,ParsCat@4,(Offer  bid:Bid[Food: Handmade Food, Drinks: Handmade Cocktails, Location: Party Room, Invitations: Plain, Music: MP3, Cleanup: Water and Soap, ])
24,3,0.13259668508287292,SYAgent@5,(Offer  bid:Bid[Food: Chips and Nuts, Drinks: Non-Alcoholic, Location: Party Tent, Invitations: Custom, Handmade, Music: Band, Cleanup: Hired Help, ])
25,1,0.13812154696132597,LDAgent@3,(Offer  bid:Bid[Food: Chips and Nuts, Drinks: Beer Only, Location: Party Tent, Invitations: Custom, Handmade, Music: DJ, Cleanup: Specialized Materials, ])
25,2,0.13812154696132597,ParsCat@4,(Offer  bid:Bid[Food: Catering, Drinks: Handmade Cocktails, Location: Party Room, Invitations: Custom, Printed, Music: Band, Cleanup: Water and Soap, ])
25,3,0.13812154696132597,SYAgent@5,(Offer  bid:Bid[Food: Chips and Nuts, Drinks: Non-Alcoholic, Location: Party Tent, Invitations: Custom, Printed, Music: MP3, Cleanup: Hired Help, ])
26,1,0.143646408839779,LDAgent@3,(Offer  bid:Bid[Food: Chips and Nuts, Drinks: Beer Only, Location: Party Room, Invitations: Custom, Printed, Music: DJ, Cleanup: Water and Soap, ])
26,2,0.143646408839779,ParsCat@4,(Offer  bid:Bid[Food: Handmade Food, Drinks: Handmade Cocktails, Location: Party Room, Invitations: Plain, Music: MP3, Cleanup: Water and Soap, ])
26,3,0.143646408839779,SYAgent@5,(Offer  bid:Bid[Food: Chips and Nuts, Drinks: Non-Alcoholic, Location: Party Tent, Invitations: Custom, Printed, Music: Band, Cleanup: Hired Help, ])
27,1,0.14917127071823205,LDAgent@3,(Offer  bid:Bid[Food: Finger-Food, Drinks: Beer Only, Location: Party Room, Invitations: Custom, Handmade, Music: DJ, Cleanup: Water and Soap, ])
27,2,0.14917127071823205,ParsCat@4,(Offer  bid:Bid[Food: Handmade Food, Drinks: Handmade Cocktails, Location: Party Room, Invitations: Plain, Music: MP3, Cleanup: Water and Soap, ])
27,3,0.14917127071823205,SYAgent@5,(Offer  bid:Bid[Food: Chips and Nuts, Drinks: Non-Alcoholic, Location: Party Tent, Invitations: Custom, Handmade, Music: Band, Cleanup: Hired Help, ])
28,1,0.15469613259668508,LDAgent@3,(Offer  bid:Bid[Food: Handmade Food, Drinks: Beer Only, Location: Party Room, Invitations: Custom, Handmade, Music: DJ, Cleanup: Water and Soap, ])
28,2,0.15469613259668508,ParsCat@4,(Offer  bid:Bid[Food: Finger-Food, Drinks: Handmade Cocktails, Location: Party Room, Invitations: Plain, Music: MP3, Cleanup: Water and Soap, ])
28,3,0.15469613259668508,SYAgent@5,(Offer  bid:Bid[Food: Chips and Nuts, Drinks: Non-Alcoholic, Location: Party Tent, Invitations: Plain, Music: MP3, Cleanup: Hired Help, ])
29,1,0.16022099447513813,LDAgent@3,(Offer  bid:Bid[Food: Finger-Food, Drinks: Beer Only, Location: Party Room, Invitations: Photo, Music: DJ, Cleanup: Specialized Materials, ])
29,2,0.16022099447513813,ParsCat@4,(Offer  bid:Bid[Food: Finger-Food, Drinks: Handmade Cocktails, Location: Party Room, Invitations: Custom, Printed, Music: MP3, Cleanup: Water and Soap, ])
29,3,0.16022099447513813,SYAgent@5,(Offer  bid:Bid[Food: Chips and Nuts, Drinks: Non-Alcoholic, Location: Ballroom, Invitations: Plain, Music: Band, Cleanup: Hired Help, ])
30,1,0.16574585635359115,LDAgent@3,(Offer  bid:Bid[Food: Finger-Food, Drinks: Beer Only, Location: Party Room, Invitations: Custom, Handmade, Music: DJ, Cleanup: Water and Soap, ])
30,2,0.16574585635359115,ParsCat@4,(Offer  bid:Bid[Food: Handmade Food, Drinks: Handmade Cocktails, Location: Party Room, Invitations: Custom, Printed, Music: Band, Cleanup: Water and Soap, ])
30,3,0.16574585635359115,SYAgent@5,(Offer  bid:Bid[Food: Chips and Nuts, Drinks: Non-Alcoholic, Location: Ballroom, Invitations: Plain, Music: MP3, Cleanup: Hired Help, ])
31,1,0.1712707182320442,LDAgent@3,(Offer  bid:Bid[Food: Chips and Nuts, Drinks: Beer Only, Location: Ballroom, Invitations: Custom, Printed, Music: DJ, Cleanup: Specialized Materials, ])
31,2,0.1712707182320442,ParsCat@4,(Offer  bid:Bid[Food: Catering, Drinks: Handmade Cocktails, Location: Party Room, Invitations: Custom, Printed, Music: Band, Cleanup: Water and Soap, ])
31,3,0.1712707182320442,SYAgent@5,(Offer  bid:Bid[Food: Chips and Nuts, Drinks: Non-Alcoholic, Location: Party Tent, Invitations: Custom, Printed, Music: Band, Cleanup: Special Equiment, ])
32,1,0.17679558011049723,LDAgent@3,(Offer  bid:Bid[Food: Finger-Food, Drinks: Beer Only, Location: Party Room, Invitations: Photo, Music: DJ, Cleanup: Specialized Materials, ])
32,2,0.17679558011049723,ParsCat@4,(Offer  bid:Bid[Food: Finger-Food, Drinks: Handmade Cocktails, Location: Party Room, Invitations: Custom, Printed, Music: MP3, Cleanup: Water and Soap, ])
32,3,0.17679558011049723,SYAgent@5,(Offer  bid:Bid[Food: Chips and Nuts, Drinks: Non-Alcoholic, Location: Party Tent, Invitations: Plain, Music: Band, Cleanup: Hired Help, ])
33,1,0.18232044198895028,LDAgent@3,(Offer  bid:Bid[Food: Chips and Nuts, Drinks: Beer Only, Location: Ballroom, Invitations: Custom, Handmade, Music: DJ, Cleanup: Water and Soap, ])
33,2,0.18232044198895028,ParsCat@4,(Offer  bid:Bid[Food: Finger-Food, Drinks: Handmade Cocktails, Location: Party Room, Invitations: Custom, Printed, Music: MP3, Cleanup: Water and Soap, ])
33,3,0.18232044198895028,SYAgent@5,(Offer  bid:Bid[Food: Chips and Nuts, Drinks: Non-Alcoholic, Location: Ballroom, Invitations: Plain, Music: Band, Cleanup: Hired Help, ])
34,1,0.1878453038674033,LDAgent@3,(Offer  bid:Bid[Food: Chips and Nuts, Drinks: Beer Only, Location: Party Room, Invitations: Photo, Music: DJ, Cleanup: Hired Help, ])
34,2,0.1878453038674033,ParsCat@4,(Offer  bid:Bid[Food: Catering, Drinks: Handmade Cocktails, Location: Party Room, Invitations: Plain, Music: Band, Cleanup: Water and Soap, ])
34,3,0.1878453038674033,SYAgent@5,(Offer  bid:Bid[Food: Chips and Nuts, Drinks: Non-Alcoholic, Location: Ballroom, Invitations: Plain, Music: Band, Cleanup: Special Equiment, ])
35,1,0.19337016574585636,LDAgent@3,(Offer  bid:Bid[Food: Handmade Food, Drinks: Beer Only, Location: Party Room, Invitations: Photo, Music: DJ, Cleanup: Specialized Materials, ])
35,2,0.19337016574585636,ParsCat@4,(Offer  bid:Bid[Food: Finger-Food, Drinks: Handmade Cocktails, Location: Party Room, Invitations: Custom, Printed, Music: MP3, Cleanup: Water and Soap, ])
35,3,0.19337016574585636,SYAgent@5,(Offer  bid:Bid[Food: Chips and Nuts, Drinks: Non-Alcoholic, Location: Party Tent, Invitations: Custom, Printed, Music: MP3, Cleanup: Hired Help, ])
36,1,0.19889502762430938,LDAgent@3,(Offer  bid:Bid[Food: Chips and Nuts, Drinks: Beer Only, Location: Party Room, Invitations: Custom, Handmade, Music: DJ, Cleanup: Special Equiment, ])
36,2,0.19889502762430938,ParsCat@4,(Offer  bid:Bid[Food: Handmade Food, Drinks: Handmade Cocktails, Location: Party Room, Invitations: Plain, Music: MP3, Cleanup: Water and Soap, ])
36,3,0.19889502762430938,SYAgent@5,(Offer  bid:Bid[Food: Chips and Nuts, Drinks: Non-Alcoholic, Location: Party Tent, Invitations: Plain, Music: DJ, Cleanup: Hired Help, ])
37,1,0.20441988950276244,LDAgent@3,(Offer  bid:Bid[Food: Chips and Nuts, Drinks: Beer Only, Location: Party Room, Invitations: Custom, Printed, Music: MP3, Cleanup: Specialized Materials, ])
37,2,0.20441988950276244,ParsCat@4,(Offer  bid:Bid[Food: Handmade Food, Drinks: Handmade Cocktails, Location: Party Room, Invitations: Custom, Printed, Music: Band, Cleanup: Water and Soap, ])
37,3,0.20441988950276244,SYAgent@5,(Offer  bid:Bid[Food: Chips and Nuts, Drinks: Non-Alcoholic, Location: Ballroom, Invitations: Custom, Printed, Music: MP3, Cleanup: Hired Help, ])
38,1,0.20994475138121546,LDAgent@3,(Offer  bid:Bid[Food: Finger-Food, Drinks: Beer Only, Location: Party Room, Invitations: Custom, Handmade, Music: DJ, Cleanup: Specialized Materials, ])
38,2,0.20994475138121546,ParsCat@4,(Offer  bid:Bid[Food: Catering, Drinks: Handmade Cocktails, Location: Party Room, Invitations: Plain, Music: Band, Cleanup: Water and Soap, ])
38,3,0.20994475138121546,SYAgent@5,(Offer  bid:Bid[Food: Chips and Nuts, Drinks: Handmade Cocktails, Location: Party Tent, Invitations: Plain, Music: Band, Cleanup: Hired Help, ])
39,1,0.2154696132596685,LDAgent@3,(Offer  bid:Bid[Food: Chips and Nuts, Drinks: Beer Only, Location: Party Room, Invitations: Custom, Handmade, Music: DJ, Cleanup: Water and Soap, ])
39,2,0.2154696132596685,ParsCat@4,(Offer  bid:Bid[Food: Finger-Food, Drinks: Handmade Cocktails, Location: Party Room, Invitations: Custom, Printed, Music: MP3, Cleanup: Water and Soap, ])
39,3,0.2154696132596685,SYAgent@5,(Offer  bid:Bid[Food: Chips and Nuts, Drinks: Non-Alcoholic, Location: Ballroom, Invitations: Photo, Music: Band, Cleanup: Hired Help, ])
40,1,0.22099447513812154,LDAgent@3,(Offer  bid:Bid[Food: Chips and Nuts, Drinks: Beer Only, Location: Party Room, Invitations: Custom, Printed, Music: DJ, Cleanup: Specialized Materials, ])
40,2,0.22099447513812154,ParsCat@4,(Offer  bid:Bid[Food: Finger-Food, Drinks: Handmade Cocktails, Location: Party Room, Invitations: Plain, Music: MP3, Cleanup: Water and Soap, ])
40,3,0.22099447513812154,SYAgent@5,(Offer  bid:Bid[Food: Chips and Nuts, Drinks: Handmade Cocktails, Location: Party Tent, Invitations: Plain, Music: Band, Cleanup: Hired Help, ])
41,1,0.2265193370165746,LDAgent@3,(Offer  bid:Bid[Food: Finger-Food, Drinks: Beer Only, Location: Party Room, Invitations: Custom, Printed, Music: DJ, Cleanup: Specialized Materials, ])
41,2,0.2265193370165746,ParsCat@4,(Offer  bid:Bid[Food: Handmade Food, Drinks: Handmade Cocktails, Location: Party Room, Invitations: Custom, Printed, Music: Band, Cleanup: Water and Soap, ])
41,3,0.2265193370165746,SYAgent@5,(Offer  bid:Bid[Food: Chips and Nuts, Drinks: Handmade Cocktails, Location: Party Tent, Invitations: Plain, Music: Band, Cleanup: Hired Help, ])
42,1,0.23204419889502761,LDAgent@3,(Offer  bid:Bid[Food: Chips and Nuts, Drinks: Beer Only, Location: Party Room, Invitations: Photo, Music: DJ, Cleanup: Special Equiment, ])
42,2,0.23204419889502761,ParsCat@4,(Offer  bid:Bid[Food: Finger-Food, Drinks: Handmade Cocktails, Location: Party Room, Invitations: Plain, Music: MP3, Cleanup: Water and Soap, ])
42,3,0.23204419889502761,SYAgent@5,(Offer  bid:Bid[Food: Chips and Nuts, Drinks: Non-Alcoholic, Location: Party Tent, Invitations: Photo, Music: MP3, Cleanup: Hired Help, ])
43,1,0.23756906077348067,LDAgent@3,(Offer  bid:Bid[Food: Chips and Nuts, Drinks: Beer Only, Location: Party Room, Invitations: Custom, Printed, Music: DJ, Cleanup: Hired Help, ])
43,2,0.23756906077348067,ParsCat@4,(Offer  bid:Bid[Food: Catering, Drinks: Handmade Cocktails, Location: Party Tent, Invitations: Custom, Printed, Music: MP3, Cleanup: Water and Soap, ])
43,3,0.23756906077348067,SYAgent@5,(Offer  bid:Bid[Food: Chips and Nuts, Drinks: Handmade Cocktails, Location: Party Tent, Invitations: Plain, Music: Band, Cleanup: Hired Help, ])
44,1,0.2430939226519337,LDAgent@3,(Offer  bid:Bid[Food: Chips and Nuts, Drinks: Beer Only, Location: Party Tent, Invitations: Custom, Handmade, Music: DJ, Cleanup: Specialized Materials, ])
44,2,0.2430939226519337,ParsCat@4,(Offer  bid:Bid[Food: Handmade Food, Drinks: Handmade Cocktails, Location: Party Room, Invitations: Plain, Music: Band, Cleanup: Water and Soap, ])
44,3,0.2430939226519337,SYAgent@5,(Offer  bid:Bid[Food: Chips and Nuts, Drinks: Non-Alcoholic, Location: Your Dorm, Invitations: Plain, Music: Band, Cleanup: Hired Help, ])
45,1,0.24861878453038674,LDAgent@3,(Offer  bid:Bid[Food: Handmade Food, Drinks: Beer Only, Location: Party Room, Invitations: Custom, Printed, Music: DJ, Cleanup: Specialized Materials, ])
45,2,0.24861878453038674,ParsCat@4,(Offer  bid:Bid[Food: Catering, Drinks: Handmade Cocktails, Location: Party Room, Invitations: Custom, Printed, Music: DJ, Cleanup: Water and Soap, ])
45,3,0.24861878453038674,SYAgent@5,(Offer  bid:Bid[Food: Chips and Nuts, Drinks: Non-Alcoholic, Location: Party Tent, Invitations: Plain, Music: MP3, Cleanup: Special Equiment, ])
46,1,0.2541436464088398,LDAgent@3,(Offer  bid:Bid[Food: Chips and Nuts, Drinks: Beer Only, Location: Ballroom, Invitations: Photo, Music: DJ, Cleanup: Water and Soap, ])
46,2,0.2541436464088398,ParsCat@4,(Offer  bid:Bid[Food: Catering, Drinks: Handmade Cocktails, Location: Party Room, Invitations: Custom, Printed, Music: DJ, Cleanup: Water and Soap, ])
46,3,0.2541436464088398,SYAgent@5,(Offer  bid:Bid[Food: Chips and Nuts, Drinks: Non-Alcoholic, Location: Party Tent, Invitations: Plain, Music: MP3, Cleanup: Hired Help, ])
47,1,0.2596685082872928,LDAgent@3,(Offer  bid:Bid[Food: Chips and Nuts, Drinks: Beer Only, Location: Ballroom, Invitations: Custom, Printed, Music: DJ, Cleanup: Specialized Materials, ])
47,2,0.2596685082872928,ParsCat@4,(Offer  bid:Bid[Food: Finger-Food, Drinks: Handmade Cocktails, Location: Party Room, Invitations: Plain, Music: MP3, Cleanup: Water and Soap, ])
47,3,0.2596685082872928,SYAgent@5,(Offer  bid:Bid[Food: Chips and Nuts, Drinks: Non-Alcoholic, Location: Your Dorm, Invitations: Plain, Music: MP3, Cleanup: Hired Help, ])
48,1,0.26519337016574585,LDAgent@3,(Offer  bid:Bid[Food: Chips and Nuts, Drinks: Beer Only, Location: Party Room, Invitations: Custom, Printed, Music: MP3, Cleanup: Specialized Materials, ])
48,2,0.26519337016574585,ParsCat@4,(Offer  bid:Bid[Food: Catering, Drinks: Handmade Cocktails, Location: Party Tent, Invitations: Custom, Printed, Music: MP3, Cleanup: Water and Soap, ])
48,3,0.26519337016574585,SYAgent@5,(Offer  bid:Bid[Food: Chips and Nuts, Drinks: Non-Alcoholic, Location: Ballroom, Invitations: Plain, Music: Band, Cleanup: Special Equiment, ])
49,1,0.27071823204419887,LDAgent@3,(Offer  bid:Bid[Food: Finger-Food, Drinks: Beer Only, Location: Party Room, Invitations: Photo, Music: DJ, Cleanup: Specialized Materials, ])
49,2,0.27071823204419887,ParsCat@4,(Offer  bid:Bid[Food: Handmade Food, Drinks: Handmade Cocktails, Location: Party Room, Invitations: Plain, Music: Band, Cleanup: Water and Soap, ])
49,3,0.27071823204419887,SYAgent@5,(Offer  bid:Bid[Food: Chips and Nuts, Drinks: Non-Alcoholic, Location: Your Dorm, Invitations: Plain, Music: MP3, Cleanup: Hired Help, ])
50,1,0.27624309392265195,LDAgent@3,(Offer  bid:Bid[Food: Finger-Food, Drinks: Beer Only, Location: Party Room, Invitations: Photo, Music: DJ, Cleanup: Specialized Materials, ])
50,2,0.27624309392265195,ParsCat@4,(Offer  bid:Bid[Food: Finger-Food, Drinks: Handmade Cocktails, Location: Party Room, Invitations: Plain, Music: MP3, Cleanup: Water and Soap, ])
50,3,0.27624309392265195,SYAgent@5,(Offer  bid:Bid[Food: Chips and Nuts, Drinks: Handmade Cocktails, Location: Party Tent, Invitations: Photo, Music: Band, Cleanup: Hired Help, ])
51,1,0.281767955801105,LDAgent@3,(Offer  bid:Bid[Food: Chips and Nuts, Drinks: Beer Only, Location: Party Room, Invitations: Custom, Printed, Music: MP3, Cleanup: Specialized Materials, ])
51,2,0.281767955801105,ParsCat@4,(Offer  bid:Bid[Food: Handmade Food, Drinks: Handmade Cocktails, Location: Party Room, Invitations: Plain, Music: Band, Cleanup: Water and Soap, ])
51,3,0.281767955801105,SYAgent@5,(Offer  bid:Bid[Food: Finger-Food, Drinks: Non-Alcoholic, Location: Party Tent, Invitations: Plain, Music: Band, Cleanup: Hired Help, ])
52,1,0.287292817679558,LDAgent@3,(Offer  bid:Bid[Food: Chips and Nuts, Drinks: Beer Only, Location: Party Room, Invitations: Custom, Printed, Music: DJ, Cleanup: Water and Soap, ])
52,2,0.287292817679558,ParsCat@4,(Offer  bid:Bid[Food: Catering, Drinks: Handmade Cocktails, Location: Party Tent, Invitations: Custom, Printed, Music: MP3, Cleanup: Water and Soap, ])
52,3,0.287292817679558,SYAgent@5,(Offer  bid:Bid[Food: Finger-Food, Drinks: Non-Alcoholic, Location: Party Tent, Invitations: Plain, Music: Band, Cleanup: Hired Help, ])
53,1,0.292817679558011,LDAgent@3,(Offer  bid:Bid[Food: Chips and Nuts, Drinks: Beer Only, Location: Party Room, Invitations: Photo, Music: DJ, Cleanup: Special Equiment, ])
53,2,0.292817679558011,ParsCat@4,(Offer  bid:Bid[Food: Catering, Drinks: Handmade Cocktails, Location: Party Tent, Invitations: Custom, Printed, Music: MP3, Cleanup: Water and Soap, ])
53,3,0.292817679558011,SYAgent@5,(Offer  bid:Bid[Food: Chips and Nuts, Drinks: Non-Alcoholic, Location: Your Dorm, Invitations: Plain, Music: Band, Cleanup: Special Equiment, ])
54,1,0.2983425414364641,LDAgent@3,(Offer  bid:Bid[Food: Chips and Nuts, Drinks: Beer Only, Location: Party Room, Invitations: Custom, Printed, Music: DJ, Cleanup: Specialized Materials, ])
54,2,0.2983425414364641,ParsCat@4,(Offer  bid:Bid[Food: Finger-Food, Drinks: Handmade Cocktails, Location: Party Room, Invitations: Custom, Printed, Music: Band, Cleanup: Water and Soap, ])
54,3,0.2983425414364641,SYAgent@5,(Offer  bid:Bid[Food: Chips and Nuts, Drinks: Non-Alcoholic, Location: Ballroom, Invitations: Custom, Handmade, Music: Band, Cleanup: Special Equiment, ])
55,1,0.30386740331491713,LDAgent@3,(Offer  bid:Bid[Food: Chips and Nuts, Drinks: Beer Only, Location: Party Room, Invitations: Custom, Printed, Music: DJ, Cleanup: Hired Help, ])
55,2,0.30386740331491713,ParsCat@4,(Offer  bid:Bid[Food: Chips and Nuts, Drinks: Handmade Cocktails, Location: Party Room, Invitations: Custom, Printed, Music: MP3, Cleanup: Water and Soap, ])
55,3,0.30386740331491713,SYAgent@5,(Offer  bid:Bid[Food: Chips and Nuts, Drinks: Non-Alcoholic, Location: Party Tent, Invitations: Photo, Music: Band, Cleanup: Special Equiment, ])
56,1,0.30939226519337015,LDAgent@3,(Offer  bid:Bid[Food: Chips and Nuts, Drinks: Beer Only, Location: Party Room, Invitations: Custom, Handmade, Music: MP3, Cleanup: Specialized Materials, ])
56,2,0.30939226519337015,ParsCat@4,(Offer  bid:Bid[Food: Catering, Drinks: Handmade Cocktails, Location: Party Tent, Invitations: Custom, Printed, Music: MP3, Cleanup: Water and Soap, ])
56,3,0.30939226519337015,SYAgent@5,(Offer  bid:Bid[Food: Chips and Nuts, Drinks: Non-Alcoholic, Location: Ballroom, Invitations: Custom, Handmade, Music: Band, Cleanup: Special Equiment, ])
57,1,0.3149171270718232,LDAgent@3,(Offer  bid:Bid[Food: Handmade Food, Drinks: Beer Only, Location: Party Room, Invitations: Photo, Music: DJ, Cleanup: Specialized Materials, ])
57,2,0.3149171270718232,ParsCat@4,(Offer  bid:Bid[Food: Catering, Drinks: Handmade Cocktails, Location: Party Room, Invitations: Plain, Music: DJ, Cleanup: Water and Soap, ])
57,3,0.3149171270718232,SYAgent@5,(Offer  bid:Bid[Food: Chips and Nuts, Drinks: Non-Alcoholic, Location: Party Tent, Invitations: Custom, Printed, Music: MP3, Cleanup: Specialized Materials, ])
58,1,0.32044198895027626,LDAgent@3,(Offer  bid:Bid[Food: Chips and Nuts, Drinks: Beer Only, Location: Party Room, Invitations: Photo, Music: DJ, Cleanup: Hired Help, ])
58,2,0.32044198895027626,ParsCat@4,(Offer  bid:Bid[Food: Catering, Drinks: Handmade Cocktails, Location: Your Dorm, Invitations: Custom, Printed, Music: MP3, Cleanup: Water and Soap, ])
58,3,0.32044198895027626,SYAgent@5,(Offer  bid:Bid[Food: Chips and Nuts, Drinks: Non-Alcoholic, Location: Party Tent, Invitations: Custom, Printed, Music: Band, Cleanup: Specialized Materials, ])
59,1,0.3259668508287293,LDAgent@3,(Offer  bid:Bid[Food: Chips and Nuts, Drinks: Beer Only, Location: Party Room, Invitations: Photo, Music: DJ, Cleanup: Special Equiment, ])
59,2,0.3259668508287293,ParsCat@4,(Offer  bid:Bid[Food: Catering, Drinks: Handmade Cocktails, Location: Party Room, Invitations: Custom, Printed, Music: DJ, Cleanup: Water and Soap, ])
59,3,0.3259668508287293,SYAgent@5,(Offer  bid:Bid[Food: Finger-Food, Drinks: Non-Alcoholic, Location: Party Tent, Invitations: Plain, Music: Band, Cleanup: Hired Help, ])
60,1,0.3314917127071823,LDAgent@3,(Offer  bid:Bid[Food: Chips and Nuts, Drinks: Beer Only, Location: Ballroom, Invitations: Custom, Handmade, Music: DJ, Cleanup: Specialized Materials, ])
60,2,0.3314917127071823,ParsCat@4,(Offer  bid:Bid[Food: Chips and Nuts, Drinks: Handmade Cocktails, Location: Party Room, Invitations: Plain, Music: MP3, Cleanup: Water and Soap, ])
60,3,0.3314917127071823,SYAgent@5,(Offer  bid:Bid[Food: Chips and Nuts, Drinks: Non-Alcoholic, Location: Party Tent, Invitations: Custom, Printed, Music: Band, Cleanup: Water and Soap, ])
61,1,0.3370165745856354,LDAgent@3,(Offer  bid:Bid[Food: Handmade Food, Drinks: Beer Only, Location: Party Room, Invitations: Custom, Printed, Music: DJ, Cleanup: Specialized Materials, ])
61,2,0.3370165745856354,ParsCat@4,(Offer  bid:Bid[Food: Handmade Food, Drinks: Handmade Cocktails, Location: Party Room, Invitations: Plain, Music: Band, Cleanup: Water and Soap, ])
61,3,0.3370165745856354,SYAgent@5,(Offer  bid:Bid[Food: Finger-Food, Drinks: Non-Alcoholic, Location: Party Tent, Invitations: Custom, Printed, Music: Band, Cleanup: Hired Help, ])
62,1,0.3425414364640884,LDAgent@3,(Offer  bid:Bid[Food: Chips and Nuts, Drinks: Beer Only, Location: Party Room, Invitations: Custom, Handmade, Music: DJ, Cleanup: Specialized Materials, ])
62,2,0.3425414364640884,ParsCat@4,(Offer  bid:Bid[Food: Catering, Drinks: Handmade Cocktails, Location: Your Dorm, Invitations: Custom, Printed, Music: MP3, Cleanup: Water and Soap, ])
62,3,0.3425414364640884,SYAgent@5,(Offer  bid:Bid[Food: Chips and Nuts, Drinks: Handmade Cocktails, Location: Party Tent, Invitations: Plain, Music: MP3, Cleanup: Hired Help, ])
63,1,0.34806629834254144,LDAgent@3,(Offer  bid:Bid[Food: Chips and Nuts, Drinks: Beer Only, Location: Party Room, Invitations: Plain, Music: DJ, Cleanup: Water and Soap, ])
63,2,0.34806629834254144,ParsCat@4,(Offer  bid:Bid[Food: Catering, Drinks: Handmade Cocktails, Location: Party Room, Invitations: Plain, Music: DJ, Cleanup: Water and Soap, ])
63,3,0.34806629834254144,SYAgent@5,(Offer  bid:Bid[Food: Chips and Nuts, Drinks: Handmade Cocktails, Location: Party Tent, Invitations: Plain, Music: Band, Cleanup: Hired Help, ])
64,1,0.35359116022099446,LDAgent@3,(Offer  bid:Bid[Food: Chips and Nuts, Drinks: Beer Only, Location: Party Room, Invitations: Custom, Printed, Music: DJ, Cleanup: Special Equiment, ])
64,2,0.35359116022099446,ParsCat@4,(Offer  bid:Bid[Food: Handmade Food, Drinks: Handmade Cocktails, Location: Party Room, Invitations: Custom, Printed, Music: DJ, Cleanup: Water and Soap, ])
64,3,0.35359116022099446,SYAgent@5,(Offer  bid:Bid[Food: Chips and Nuts, Drinks: Handmade Cocktails, Location: Party Tent, Invitations: Custom, Handmade, Music: MP3, Cleanup: Hired Help, ])
65,1,0.35911602209944754,LDAgent@3,(Offer  bid:Bid[Food: Chips and Nuts, Drinks: Beer Only, Location: Ballroom, Invitations: Plain, Music: DJ, Cleanup: Specialized Materials, ])
65,2,0.35911602209944754,ParsCat@4,(Offer  bid:Bid[Food: Handmade Food, Drinks: Handmade Cocktails, Location: Party Room, Invitations: Custom, Printed, Music: DJ, Cleanup: Water and Soap, ])
65,3,0.35911602209944754,SYAgent@5,(Offer  bid:Bid[Food: Chips and Nuts, Drinks: Non-Alcoholic, Location: Your Dorm, Invitations: Plain, Music: MP3, Cleanup: Hired Help, ])
66,1,0.36464088397790057,LDAgent@3,(Offer  bid:Bid[Food: Chips and Nuts, Drinks: Beer Only, Location: Party Room, Invitations: Photo, Music: DJ, Cleanup: Special Equiment, ])
66,2,0.36464088397790057,ParsCat@4,(Offer  bid:Bid[Food: Handmade Food, Drinks: Handmade Cocktails, Location: Party Room, Invitations: Custom, Printed, Music: DJ, Cleanup: Water and Soap, ])
66,3,0.36464088397790057,SYAgent@5,(Offer  bid:Bid[Food: Chips and Nuts, Drinks: Non-Alcoholic, Location: Your Dorm, Invitations: Plain, Music: Band, Cleanup: Specialized Materials, ])
67,1,0.3701657458563536,LDAgent@3,(Offer  bid:Bid[Food: Chips and Nuts, Drinks: Beer Only, Location: Party Room, Invitations: Plain, Music: DJ, Cleanup: Water and Soap, ])
67,2,0.3701657458563536,ParsCat@4,(Offer  bid:Bid[Food: Catering, Drinks: Handmade Cocktails, Location: Your Dorm, Invitations: Custom, Printed, Music: MP3, Cleanup: Water and Soap, ])
67,3,0.3701657458563536,SYAgent@5,(Offer  bid:Bid[Food: Chips and Nuts, Drinks: Non-Alcoholic, Location: Ballroom, Invitations: Plain, Music: Band, Cleanup: Specialized Materials, ])
68,1,0.3756906077348066,LDAgent@3,(Offer  bid:Bid[Food: Chips and Nuts, Drinks: Beer Only, Location: Ballroom, Invitations: Custom, Handmade, Music: DJ, Cleanup: Water and Soap, ])
68,2,0.3756906077348066,ParsCat@4,(Offer  bid:Bid[Food: Handmade Food, Drinks: Handmade Cocktails, Location: Party Room, Invitations: Custom, Printed, Music: DJ, Cleanup: Water and Soap, ])
68,3,0.3756906077348066,SYAgent@5,(Offer  bid:Bid[Food: Chips and Nuts, Drinks: Non-Alcoholic, Location: Ballroom, Invitations: Custom, Printed, Music: MP3, Cleanup: Specialized Materials, ])
69,1,0.3812154696132597,LDAgent@3,(Offer  bid:Bid[Food: Handmade Food, Drinks: Beer Only, Location: Party Room, Invitations: Custom, Printed, Music: DJ, Cleanup: Specialized Materials, ])
69,2,0.3812154696132597,ParsCat@4,(Offer  bid:Bid[Food: Catering, Drinks: Handmade Cocktails, Location: Your Dorm, Invitations: Plain, Music: MP3, Cleanup: Water and Soap, ])
69,3,0.3812154696132597,SYAgent@5,(Offer  bid:Bid[Food: Chips and Nuts, Drinks: Non-Alcoholic, Location: Your Dorm, Invitations: Plain, Music: MP3, Cleanup: Hired Help, ])
70,1,0.3867403314917127,LDAgent@3,(Offer  bid:Bid[Food: Chips and Nuts, Drinks: Beer Only, Location: Party Room, Invitations: Custom, Handmade, Music: DJ, Cleanup: Specialized Materials, ])
70,2,0.3867403314917127,ParsCat@4,(Offer  bid:Bid[Food: Finger-Food, Drinks: Handmade Cocktails, Location: Party Room, Invitations: Plain, Music: Band, Cleanup: Water and Soap, ])
70,3,0.3867403314917127,SYAgent@5,(Offer  bid:Bid[Food: Chips and Nuts, Drinks: Handmade Cocktails, Location: Party Tent, Invitations: Plain, Music: DJ, Cleanup: Hired Help, ])
71,1,0.39226519337016574,LDAgent@3,(Offer  bid:Bid[Food: Chips and Nuts, Drinks: Beer Only, Location: Ballroom, Invitations: Photo, Music: DJ, Cleanup: Specialized Materials, ])
71,2,0.39226519337016574,ParsCat@4,(Offer  bid:Bid[Food: Catering, Drinks: Handmade Cocktails, Location: Your Dorm, Invitations: Plain, Music: MP3, Cleanup: Water and Soap, ])
71,3,0.39226519337016574,SYAgent@5,(Offer  bid:Bid[Food: Chips and Nuts, Drinks: Handmade Cocktails, Location: Party Tent, Invitations: Plain, Music: Band, Cleanup: Specialized Materials, ])
72,1,0.39779005524861877,LDAgent@3,(Offer  bid:Bid[Food: Chips and Nuts, Drinks: Beer Only, Location: Ballroom, Invitations: Photo, Music: DJ, Cleanup: Specialized Materials, ])
72,2,0.39779005524861877,ParsCat@4,(Offer  bid:Bid[Food: Catering, Drinks: Handmade Cocktails, Location: Ballroom, Invitations: Custom, Printed, Music: MP3, Cleanup: Water and Soap, ])
72,3,0.39779005524861877,SYAgent@5,(Offer  bid:Bid[Food: Chips and Nuts, Drinks: Non-Alcoholic, Location: Ballroom, Invitations: Custom, Printed, Music: Band, Cleanup: Specialized Materials, ])
73,1,0.40331491712707185,LDAgent@3,(Offer  bid:Bid[Food: Chips and Nuts, Drinks: Beer Only, Location: Party Room, Invitations: Plain, Music: DJ, Cleanup: Specialized Materials, ])
73,2,0.40331491712707185,ParsCat@4,(Offer  bid:Bid[Food: Catering, Drinks: Handmade Cocktails, Location: Ballroom, Invitations: Custom, Printed, Music: MP3, Cleanup: Water and Soap, ])
73,3,0.40331491712707185,SYAgent@5,(Offer  bid:Bid[Food: Chips and Nuts, Drinks: Non-Alcoholic, Location: Party Tent, Invitations: Photo, Music: Band, Cleanup: Specialized Materials, ])
74,1,0.4088397790055249,LDAgent@3,(Offer  bid:Bid[Food: Chips and Nuts, Drinks: Beer Only, Location: Ballroom, Invitations: Custom, Handmade, Music: DJ, Cleanup: Specialized Materials, ])
74,2,0.4088397790055249,ParsCat@4,(Offer  bid:Bid[Food: Catering, Drinks: Handmade Cocktails, Location: Your Dorm, Invitations: Plain, Music: MP3, Cleanup: Water and Soap, ])
74,3,0.4088397790055249,SYAgent@5,(Offer  bid:Bid[Food: Chips and Nuts, Drinks: Non-Alcoholic, Location: Ballroom, Invitations: Plain, Music: MP3, Cleanup: Water and Soap, ])
75,1,0.4143646408839779,LDAgent@3,(Offer  bid:Bid[Food: Handmade Food, Drinks: Beer Only, Location: Party Room, Invitations: Photo, Music: DJ, Cleanup: Specialized Materials, ])
75,2,0.4143646408839779,ParsCat@4,(Offer  bid:Bid[Food: Chips and Nuts, Drinks: Handmade Cocktails, Location: Party Room, Invitations: Custom, Printed, Music: Band, Cleanup: Water and Soap, ])
75,3,0.4143646408839779,SYAgent@5,(Offer  bid:Bid[Food: Chips and Nuts, Drinks: Handmade Cocktails, Location: Ballroom, Invitations: Plain, Music: MP3, Cleanup: Special Equiment, ])
76,1,0.4198895027624309,LDAgent@3,(Offer  bid:Bid[Food: Chips and Nuts, Drinks: Beer Only, Location: Party Room, Invitations: Custom, Handmade, Music: DJ, Cleanup: Special Equiment, ])
76,2,0.4198895027624309,ParsCat@4,(Offer  bid:Bid[Food: Chips and Nuts, Drinks: Handmade Cocktails, Location: Party Room, Invitations: Custom, Printed, Music: Band, Cleanup: Water and Soap, ])
76,3,0.4198895027624309,SYAgent@5,(Offer  bid:Bid[Food: Chips and Nuts, Drinks: Handmade Cocktails, Location: Party Tent, Invitations: Custom, Printed, Music: DJ, Cleanup: Hired Help, ])
77,1,0.425414364640884,LDAgent@3,(Offer  bid:Bid[Food: Chips and Nuts, Drinks: Beer Only, Location: Party Room, Invitations: Custom, Printed, Music: DJ, Cleanup: Hired Help, ])
77,2,0.425414364640884,ParsCat@4,(Offer  bid:Bid[Food: Catering, Drinks: Handmade Cocktails, Location: Party Tent, Invitations: Custom, Printed, Music: Band, Cleanup: Water and Soap, ])
77,3,0.425414364640884,SYAgent@5,(Offer  bid:Bid[Food: Chips and Nuts, Drinks: Non-Alcoholic, Location: Your Dorm, Invitations: Plain, Music: Band, Cleanup: Water and Soap, ])
78,1,0.430939226519337,LDAgent@3,(Offer  bid:Bid[Food: Handmade Food, Drinks: Beer Only, Location: Party Room, Invitations: Custom, Handmade, Music: DJ, Cleanup: Specialized Materials, ])
78,2,0.430939226519337,ParsCat@4,(Offer  bid:Bid[Food: Handmade Food, Drinks: Handmade Cocktails, Location: Party Tent, Invitations: Custom, Printed, Music: MP3, Cleanup: Water and Soap, ])
78,3,0.430939226519337,SYAgent@5,(Offer  bid:Bid[Food: Chips and Nuts, Drinks: Non-Alcoholic, Location: Ballroom, Invitations: Custom, Handmade, Music: Band, Cleanup: Special Equiment, ])
79,1,0.43646408839779005,LDAgent@3,(Offer  bid:Bid[Food: Chips and Nuts, Drinks: Beer Only, Location: Party Room, Invitations: Custom, Printed, Music: DJ, Cleanup: Specialized Materials, ])
79,2,0.43646408839779005,ParsCat@4,(Offer  bid:Bid[Food: Catering, Drinks: Handmade Cocktails, Location: Your Dorm, Invitations: Plain, Music: MP3, Cleanup: Water and Soap, ])
79,3,0.43646408839779005,SYAgent@5,(Offer  bid:Bid[Food: Chips and Nuts, Drinks: Handmade Cocktails, Location: Ballroom, Invitations: Custom, Printed, Music: DJ, Cleanup: Hired Help, ])
80,1,0.4419889502762431,LDAgent@3,(Offer  bid:Bid[Food: Chips and Nuts, Drinks: Beer Only, Location: Party Room, Invitations: Photo, Music: DJ, Cleanup: Specialized Materials, ])
80,2,0.4419889502762431,ParsCat@4,(Offer  bid:Bid[Food: Catering, Drinks: Handmade Cocktails, Location: Party Tent, Invitations: Plain, Music: Band, Cleanup: Water and Soap, ])
80,3,0.4419889502762431,SYAgent@5,(Offer  bid:Bid[Food: Chips and Nuts, Drinks: Handmade Cocktails, Location: Your Dorm, Invitations: Plain, Music: Band, Cleanup: Special Equiment, ])
81,1,0.44751381215469616,LDAgent@3,(Offer  bid:Bid[Food: Chips and Nuts, Drinks: Beer Only, Location: Party Room, Invitations: Plain, Music: DJ, Cleanup: Water and Soap, ])
81,2,0.44751381215469616,ParsCat@4,(Offer  bid:Bid[Food: Chips and Nuts, Drinks: Handmade Cocktails, Location: Party Room, Invitations: Custom, Printed, Music: Band, Cleanup: Water and Soap, ])
81,3,0.44751381215469616,SYAgent@5,(Offer  bid:Bid[Food: Chips and Nuts, Drinks: Non-Alcoholic, Location: Ballroom, Invitations: Custom, Printed, Music: DJ, Cleanup: Hired Help, ])
82,1,0.4530386740331492,LDAgent@3,(Offer  bid:Bid[Food: Finger-Food, Drinks: Beer Only, Location: Party Room, Invitations: Custom, Handmade, Music: DJ, Cleanup: Specialized Materials, ])
82,2,0.4530386740331492,ParsCat@4,(Offer  bid:Bid[Food: Catering, Drinks: Handmade Cocktails, Location: Your Dorm, Invitations: Plain, Music: MP3, Cleanup: Water and Soap, ])
82,3,0.4530386740331492,SYAgent@5,(Offer  bid:Bid[Food: Chips and Nuts, Drinks: Handmade Cocktails, Location: Party Tent, Invitations: Photo, Music: MP3, Cleanup: Hired Help, ])
83,1,0.4585635359116022,LDAgent@3,(Offer  bid:Bid[Food: Handmade Food, Drinks: Beer Only, Location: Party Room, Invitations: Custom, Handmade, Music: DJ, Cleanup: Specialized Materials, ])
83,2,0.4585635359116022,ParsCat@4,(Offer  bid:Bid[Food: Finger-Food, Drinks: Handmade Cocktails, Location: Party Room, Invitations: Custom, Printed, Music: DJ, Cleanup: Water and Soap, ])
83,3,0.4585635359116022,SYAgent@5,(Offer  bid:Bid[Food: Chips and Nuts, Drinks: Non-Alcoholic, Location: Your Dorm, Invitations: Custom, Handmade, Music: Band, Cleanup: Special Equiment, ])
84,1,0.46408839779005523,LDAgent@3,(Offer  bid:Bid[Food: Chips and Nuts, Drinks: Beer Only, Location: Party Room, Invitations: Custom, Handmade, Music: MP3, Cleanup: Water and Soap, ])
84,2,0.46408839779005523,ParsCat@4,(Offer  bid:Bid[Food: Handmade Food, Drinks: Handmade Cocktails, Location: Ballroom, Invitations: Custom, Printed, Music: MP3, Cleanup: Water and Soap, ])
84,3,0.46408839779005523,SYAgent@5,(Offer  bid:Bid[Food: Chips and Nuts, Drinks: Non-Alcoholic, Location: Party Tent, Invitations: Custom, Handmade, Music: Band, Cleanup: Specialized Materials, ])
85,1,0.4696132596685083,LDAgent@3,(Offer  bid:Bid[Food: Chips and Nuts, Drinks: Beer Only, Location: Party Room, Invitations: Photo, Music: DJ, Cleanup: Hired Help, ])
85,2,0.4696132596685083,ParsCat@4,(Offer  bid:Bid[Food: Chips and Nuts, Drinks: Handmade Cocktails, Location: Party Room, Invitations: Custom, Printed, Music: Band, Cleanup: Water and Soap, ])
85,3,0.4696132596685083,SYAgent@5,(Offer  bid:Bid[Food: Catering, Drinks: Non-Alcoholic, Location: Party Tent, Invitations: Plain, Music: Band, Cleanup: Hired Help, ])
86,1,0.47513812154696133,LDAgent@3,(Offer  bid:Bid[Food: Finger-Food, Drinks: Beer Only, Location: Party Room, Invitations: Custom, Handmade, Music: DJ, Cleanup: Water and Soap, ])
86,2,0.47513812154696133,ParsCat@4,(Offer  bid:Bid[Food: Catering, Drinks: Handmade Cocktails, Location: Your Dorm, Invitations: Custom, Printed, Music: Band, Cleanup: Water and Soap, ])
86,3,0.47513812154696133,SYAgent@5,(Offer  bid:Bid[Food: Handmade Food, Drinks: Non-Alcoholic, Location: Party Tent, Invitations: Photo, Music: Band, Cleanup: Hired Help, ])
87,1,0.48066298342541436,LDAgent@3,(Offer  bid:Bid[Food: Chips and Nuts, Drinks: Beer Only, Location: Party Room, Invitations: Custom, Printed, Music: DJ, Cleanup: Special Equiment, ])
87,2,0.48066298342541436,ParsCat@4,(Offer  bid:Bid[Food: Handmade Food, Drinks: Handmade Cocktails, Location: Your Dorm, Invitations: Custom, Printed, Music: MP3, Cleanup: Water and Soap, ])
87,3,0.48066298342541436,SYAgent@5,(Offer  bid:Bid[Food: Chips and Nuts, Drinks: Non-Alcoholic, Location: Ballroom, Invitations: Custom, Handmade, Music: Band, Cleanup: Specialized Materials, ])
88,1,0.4861878453038674,LDAgent@3,(Offer  bid:Bid[Food: Chips and Nuts, Drinks: Beer Only, Location: Party Room, Invitations: Custom, Handmade, Music: DJ, Cleanup: Specialized Materials, ])
88,2,0.4861878453038674,ParsCat@4,(Offer  bid:Bid[Food: Catering, Drinks: Handmade Cocktails, Location: Your Dorm, Invitations: Custom, Printed, Music: Band, Cleanup: Water and Soap, ])
88,3,0.4861878453038674,SYAgent@5,(Offer  bid:Bid[Food: Chips and Nuts, Drinks: Non-Alcoholic, Location: Your Dorm, Invitations: Plain, Music: DJ, Cleanup: Specialized Materials, ])
89,1,0.49171270718232046,LDAgent@3,(Offer  bid:Bid[Food: Chips and Nuts, Drinks: Beer Only, Location: Party Room, Invitations: Photo, Music: DJ, Cleanup: Specialized Materials, ])
89,2,0.49171270718232046,ParsCat@4,(Offer  bid:Bid[Food: Catering, Drinks: Handmade Cocktails, Location: Party Tent, Invitations: Plain, Music: Band, Cleanup: Water and Soap, ])
89,3,0.49171270718232046,SYAgent@5,(Offer  bid:Bid[Food: Finger-Food, Drinks: Non-Alcoholic, Location: Ballroom, Invitations: Plain, Music: DJ, Cleanup: Hired Help, ])
90,1,0.4972375690607735,LDAgent@3,(Offer  bid:Bid[Food: Handmade Food, Drinks: Beer Only, Location: Party Room, Invitations: Custom, Handmade, Music: DJ, Cleanup: Specialized Materials, ])
90,2,0.4972375690607735,ParsCat@4,(Offer  bid:Bid[Food: Catering, Drinks: Handmade Cocktails, Location: Your Dorm, Invitations: Custom, Printed, Music: Band, Cleanup: Water and Soap, ])
90,3,0.4972375690607735,SYAgent@5,(Offer  bid:Bid[Food: Finger-Food, Drinks: Handmade Cocktails, Location: Ballroom, Invitations: Plain, Music: Band, Cleanup: Hired Help, ])
91,1,0.5027624309392266,LDAgent@3,(Offer  bid:Bid[Food: Chips and Nuts, Drinks: Beer Only, Location: Party Tent, Invitations: Custom, Printed, Music: DJ, Cleanup: Water and Soap, ])
91,2,0.5027624309392266,ParsCat@4,(Offer  bid:Bid[Food: Handmade Food, Drinks: Handmade Cocktails, Location: Ballroom, Invitations: Plain, Music: DJ, Cleanup: Water and Soap, ])
91,3,0.5027624309392266,SYAgent@5,(Offer  bid:Bid[Food: Chips and Nuts, Drinks: Non-Alcoholic, Location: Your Dorm, Invitations: Plain, Music: Band, Cleanup: Hired Help, ])
92,1,0.5082872928176796,LDAgent@3,(Offer  bid:Bid[Food: Handmade Food, Drinks: Beer Only, Location: Party Room, Invitations: Custom, Handmade, Music: MP3, Cleanup: Specialized Materials, ])
92,2,0.5082872928176796,ParsCat@4,(Offer  bid:Bid[Food: Catering, Drinks: Handmade Cocktails, Location: Party Room, Invitations: Plain, Music: MP3, Cleanup: Hired Help, ])
92,3,0.5082872928176796,SYAgent@5,(Offer  bid:Bid[Food: Chips and Nuts, Drinks: Handmade Cocktails, Location: Your Dorm, Invitations: Photo, Music: Band, Cleanup: Special Equiment, ])
93,1,0.5138121546961326,LDAgent@3,(Offer  bid:Bid[Food: Handmade Food, Drinks: Beer Only, Location: Ballroom, Invitations: Custom, Handmade, Music: MP3, Cleanup: Specialized Materials, ])
93,2,0.5138121546961326,ParsCat@4,(Offer  bid:Bid[Food: Handmade Food, Drinks: Non-Alcoholic, Location: Party Room, Invitations: Custom, Printed, Music: MP3, Cleanup: Water and Soap, ])
93,3,0.5138121546961326,SYAgent@5,(Offer  bid:Bid[Food: Chips and Nuts, Drinks: Non-Alcoholic, Location: Ballroom, Invitations: Photo, Music: DJ, Cleanup: Special Equiment, ])
94,1,0.5193370165745856,LDAgent@3,(Offer  bid:Bid[Food: Chips and Nuts, Drinks: Beer Only, Location: Party Tent, Invitations: Photo, Music: DJ, Cleanup: Special Equiment, ])
94,2,0.5193370165745856,ParsCat@4,(Offer  bid:Bid[Food: Catering, Drinks: Handmade Cocktails, Location: Party Room, Invitations: Plain, Music: MP3, Cleanup: Hired Help, ])
94,3,0.5193370165745856,SYAgent@5,(Offer  bid:Bid[Food: Handmade Food, Drinks: Non-Alcoholic, Location: Party Tent, Invitations: Plain, Music: Band, Cleanup: Hired Help, ])
95,1,0.5248618784530387,LDAgent@3,(Offer  bid:Bid[Food: Chips and Nuts, Drinks: Beer Only, Location: Ballroom, Invitations: Custom, Printed, Music: DJ, Cleanup: Special Equiment, ])
95,2,0.5248618784530387,ParsCat@4,(Offer  bid:Bid[Food: Finger-Food, Drinks: Handmade Cocktails, Location: Your Dorm, Invitations: Custom, Printed, Music: DJ, Cleanup: Water and Soap, ])
95,3,0.5248618784530387,SYAgent@5,(Offer  bid:Bid[Food: Finger-Food, Drinks: Handmade Cocktails, Location: Party Tent, Invitations: Custom, Printed, Music: MP3, Cleanup: Hired Help, ])
96,1,0.5303867403314917,LDAgent@3,(Offer  bid:Bid[Food: Handmade Food, Drinks: Handmade Cocktails, Location: Party Room, Invitations: Photo, Music: DJ, Cleanup: Specialized Materials, ])
96,2,0.5303867403314917,ParsCat@4,(Offer  bid:Bid[Food: Catering, Drinks: Handmade Cocktails, Location: Party Room, Invitations: Plain, Music: MP3, Cleanup: Hired Help, ])
96,3,0.5303867403314917,SYAgent@5,(Offer  bid:Bid[Food: Chips and Nuts, Drinks: Handmade Cocktails, Location: Your Dorm, Invitations: Plain, Music: MP3, Cleanup: Hired Help, ])
97,1,0.5359116022099447,LDAgent@3,(Offer  bid:Bid[Food: Chips and Nuts, Drinks: Beer Only, Location: Your Dorm, Invitations: Custom, Printed, Music: DJ, Cleanup: Specialized Materials, ])
97,2,0.5359116022099447,ParsCat@4,(Offer  bid:Bid[Food: Finger-Food, Drinks: Non-Alcoholic, Location: Party Room, Invitations: Custom, Printed, Music: MP3, Cleanup: Water and Soap, ])
97,3,0.5359116022099447,SYAgent@5,(Offer  bid:Bid[Food: Finger-Food, Drinks: Non-Alcoholic, Location: Ballroom, Invitations: Plain, Music: MP3, Cleanup: Specialized Materials, ])
98,1,0.5414364640883977,LDAgent@3,(Offer  bid:Bid[Food: Chips and Nuts, Drinks: Beer Only, Location: Party Room, Invitations: Custom, Printed, Music: MP3, Cleanup: Hired Help, ])
98,2,0.5414364640883977,ParsCat@4,(Offer  bid:Bid[Food: Catering, Drinks: Beer Only, Location: Party Room, Invitations: Custom, Printed, Music: Band, Cleanup: Water and Soap, ])
98,3,0.5414364640883977,SYAgent@5,(Offer  bid:Bid[Food: Chips and Nuts, Drinks: Beer Only, Location: Party Tent, Invitations: Custom, Printed, Music: Band, Cleanup: Hired Help, ])
99,1,0.5469613259668509,LDAgent@3,(Offer  bid:Bid[Food: Chips and Nuts, Drinks: Handmade Cocktails, Location: Party Room, Invitations: Photo, Music: DJ, Cleanup: Hired Help, ])
99,2,0.5469613259668509,ParsCat@4,(Offer  bid:Bid[Food: Handmade Food, Drinks: Handmade Cocktails, Location: Party Room, Invitations: Custom, Printed, Music: MP3, Cleanup: Hired Help, ])
99,3,0.5469613259668509,SYAgent@5,(Offer  bid:Bid[Food: Chips and Nuts, Drinks: Catering, Location: Party Tent, Invitations: Photo, Music: Band, Cleanup: Hired Help, ])
100,1,0.5524861878453039,LDAgent@3,(Offer  bid:Bid[Food: Catering, Drinks: Beer Only, Location: Party Room, Invitations: Custom, Handmade, Music: DJ, Cleanup: Specialized Materials, ])
100,2,0.5524861878453039,ParsCat@4,(Offer  bid:Bid[Food: Handmade Food, Drinks: Handmade Cocktails, Location: Party Room, Invitations: Plain, Music: MP3, Cleanup: Specialized Materials, ])
100,3,0.5524861878453039,SYAgent@5,(Offer  bid:Bid[Food: Chips and Nuts, Drinks: Handmade Cocktails, Location: Ballroom, Invitations: Plain, Music: Band, Cleanup: Special Equiment, ])
101,1,0.5580110497237569,LDAgent@3,(Offer  bid:Bid[Food: Handmade Food, Drinks: Handmade Cocktails, Location: Party Room, Invitations: Custom, Printed, Music: DJ, Cleanup: Specialized Materials, ])
101,2,0.5580110497237569,ParsCat@4,(Offer  bid:Bid[Food: Handmade Food, Drinks: Handmade Cocktails, Location: Party Room, Invitations: Custom, Printed, Music: MP3, Cleanup: Specialized Materials, ])
101,3,0.5580110497237569,SYAgent@5,(Offer  bid:Bid[Food: Chips and Nuts, Drinks: Handmade Cocktails, Location: Party Tent, Invitations: Plain, Music: DJ, Cleanup: Water and Soap, ])
102,1,0.56353591160221,LDAgent@3,(Offer  bid:Bid[Food: Handmade Food, Drinks: Beer Only, Location: Party Room, Invitations: Custom, Printed, Music: MP3, Cleanup: Specialized Materials, ])
102,2,0.56353591160221,ParsCat@4,(Offer  bid:Bid[Food: Handmade Food, Drinks: Handmade Cocktails, Location: Party Room, Invitations: Custom, Printed, Music: MP3, Cleanup: Hired Help, ])
102,3,0.56353591160221,SYAgent@5,(Offer  bid:Bid[Food: Catering, Drinks: Non-Alcoholic, Location: Party Tent, Invitations: Plain, Music: DJ, Cleanup: Hired Help, ])
103,1,0.569060773480663,LDAgent@3,(Offer  bid:Bid[Food: Finger-Food, Drinks: Beer Only, Location: Party Room, Invitations: Custom, Handmade, Music: DJ, Cleanup: Hired Help, ])
103,2,0.569060773480663,ParsCat@4,(Offer  bid:Bid[Food: Chips and Nuts, Drinks: Handmade Cocktails, Location: Party Tent, Invitations: Custom, Printed, Music: DJ, Cleanup: Water and Soap, ])
103,3,0.569060773480663,SYAgent@5,(Accept  bid:Bid[Food: Chips and Nuts, Drinks: Handmade Cocktails, Location: Party Tent, Invitations: Custom, Printed, Music: DJ, Cleanup: Water and Soap, ])
104,1,0.574585635359116,LDAgent@3,(Offer  bid:Bid[Food: Chips and Nuts, Drinks: Beer Only, Location: Ballroom, Invitations: Plain, Music: DJ, Cleanup: Water and Soap, ])
104,2,0.574585635359116,ParsCat@4,(Offer  bid:Bid[Food: Finger-Food, Drinks: Handmade Cocktails, Location: Party Tent, Invitations: Plain, Music: DJ, Cleanup: Water and Soap, ])
104,3,0.574585635359116,SYAgent@5,(Offer  bid:Bid[Food: Finger-Food, Drinks: Non-Alcoholic, Location: Your Dorm, Invitations: Custom, Printed, Music: Band, Cleanup: Specialized Materials, ])
105,1,0.580110497237569,LDAgent@3,(Offer  bid:Bid[Food: Handmade Food, Drinks: Beer Only, Location: Party Room, Invitations: Custom, Printed, Music: DJ, Cleanup: Specialized Materials, ])
105,2,0.580110497237569,ParsCat@4,(Offer  bid:Bid[Food: Catering, Drinks: Catering, Location: Party Room, Invitations: Custom, Printed, Music: MP3, Cleanup: Water and Soap, ])
105,3,0.580110497237569,SYAgent@5,(Offer  bid:Bid[Food: Chips and Nuts, Drinks: Non-Alcoholic, Location: Party Room, Invitations: Plain, Music: Band, Cleanup: Specialized Materials, ])
106,1,0.585635359116022,LDAgent@3,(Offer  bid:Bid[Food: Chips and Nuts, Drinks: Beer Only, Location: Ballroom, Invitations: Photo, Music: DJ, Cleanup: Hired Help, ])
106,2,0.585635359116022,ParsCat@4,(Offer  bid:Bid[Food: Catering, Drinks: Handmade Cocktails, Location: Party Room, Invitations: Custom, Handmade, Music: Band, Cleanup: Water and Soap, ])
106,3,0.585635359116022,SYAgent@5,(Offer  bid:Bid[Food: Chips and Nuts, Drinks: Handmade Cocktails, Location: Party Room, Invitations: Plain, Music: Band, Cleanup: Hired Help, ])
107,1,0.5911602209944752,LDAgent@3,(Offer  bid:Bid[Food: Chips and Nuts, Drinks: Beer Only, Location: Ballroom, Invitations: Plain, Music: DJ, Cleanup: Water and Soap, ])
107,2,0.5911602209944752,ParsCat@4,(Offer  bid:Bid[Food: Handmade Food, Drinks: Handmade Cocktails, Location: Party Room, Invitations: Custom, Handmade, Music: MP3, Cleanup: Water and Soap, ])
107,3,0.5911602209944752,SYAgent@5,(Offer  bid:Bid[Food: Chips and Nuts, Drinks: Non-Alcoholic, Location: Ballroom, Invitations: Custom, Printed, Music: DJ, Cleanup: Specialized Materials, ])
108,1,0.5966850828729282,LDAgent@3,(Offer  bid:Bid[Food: Finger-Food, Drinks: Beer Only, Location: Party Room, Invitations: Photo, Music: DJ, Cleanup: Special Equiment, ])
108,2,0.5966850828729282,ParsCat@4,(Offer  bid:Bid[Food: Handmade Food, Drinks: Beer Only, Location: Party Room, Invitations: Custom, Printed, Music: MP3, Cleanup: Water and Soap, ])
108,3,0.5966850828729282,SYAgent@5,(Offer  bid:Bid[Food: Chips and Nuts, Drinks: Handmade Cocktails, Location: Your Dorm, Invitations: Plain, Music: DJ, Cleanup: Specialized Materials, ])
109,1,0.6022099447513812,LDAgent@3,(Offer  bid:Bid[Food: Handmade Food, Drinks: Beer Only, Location: Party Room, Invitations: Custom, Handmade, Music: MP3, Cleanup: Special Equiment, ])
109,2,0.6022099447513812,ParsCat@4,(Offer  bid:Bid[Food: Catering, Drinks: Handmade Cocktails, Location: Party Room, Invitations: Custom, Printed, Music: Band, Cleanup: Specialized Materials, ])
109,3,0.6022099447513812,SYAgent@5,(Offer  bid:Bid[Food: Catering, Drinks: Non-Alcoholic, Location: Party Tent, Invitations: Photo, Music: Band, Cleanup: Special Equiment, ])
110,1,0.6077348066298343,LDAgent@3,(Offer  bid:Bid[Food: Handmade Food, Drinks: Beer Only, Location: Party Room, Invitations: Plain, Music: MP3, Cleanup: Hired Help, ])
110,2,0.6077348066298343,ParsCat@4,(Offer  bid:Bid[Food: Chips and Nuts, Drinks: Handmade Cocktails, Location: Party Tent, Invitations: Plain, Music: DJ, Cleanup: Water and Soap, ])
110,3,0.6077348066298343,SYAgent@5,(Accept  bid:Bid[Food: Chips and Nuts, Drinks: Handmade Cocktails, Location: Party Tent, Invitations: Plain, Music: DJ, Cleanup: Water and Soap, ])
111,1,0.6132596685082873,LDAgent@3,(Offer  bid:Bid[Food: Catering, Drinks: Handmade Cocktails, Location: Party Room, Invitations: Plain, Music: DJ, Cleanup: Specialized Materials, ])
111,2,0.6132596685082873,ParsCat@4,(Offer  bid:Bid[Food: Catering, Drinks: Catering, Location: Party Room, Invitations: Plain, Music: MP3, Cleanup: Water and Soap, ])
111,3,0.6132596685082873,SYAgent@5,(Offer  bid:Bid[Food: Handmade Food, Drinks: Handmade Cocktails, Location: Ballroom, Invitations: Custom, Printed, Music: Band, Cleanup: Hired Help, ])
112,1,0.6187845303867403,LDAgent@3,(Offer  bid:Bid[Food: Chips and Nuts, Drinks: Beer Only, Location: Party Tent, Invitations: Custom, Printed, Music: MP3, Cleanup: Water and Soap, ])
112,2,0.6187845303867403,ParsCat@4,(Offer  bid:Bid[Food: Chips and Nuts, Drinks: Non-Alcoholic, Location: Party Room, Invitations: Custom, Printed, Music: MP3, Cleanup: Water and Soap, ])
112,3,0.6187845303867403,SYAgent@5,(Offer  bid:Bid[Food: Catering, Drinks: Non-Alcoholic, Location: Party Tent, Invitations: Custom, Handmade, Music: Band, Cleanup: Special Equiment, ])
113,1,0.6243093922651933,LDAgent@3,(Offer  bid:Bid[Food: Handmade Food, Drinks: Beer Only, Location: Ballroom, Invitations: Custom, Handmade, Music: DJ, Cleanup: Special Equiment, ])
113,2,0.6243093922651933,ParsCat@4,(Offer  bid:Bid[Food: Catering, Drinks: Non-Alcoholic, Location: Party Room, Invitations: Custom, Printed, Music: DJ, Cleanup: Water and Soap, ])
113,3,0.6243093922651933,SYAgent@5,(Offer  bid:Bid[Food: Chips and Nuts, Drinks: Non-Alcoholic, Location: Ballroom, Invitations: Custom, Handmade, Music: MP3, Cleanup: Water and Soap, ])
114,1,0.6298342541436464,LDAgent@3,(Offer  bid:Bid[Food: Chips and Nuts, Drinks: Handmade Cocktails, Location: Ballroom, Invitations: Custom, Printed, Music: DJ, Cleanup: Hired Help, ])
114,2,0.6298342541436464,ParsCat@4,(Offer  bid:Bid[Food: Handmade Food, Drinks: Handmade Cocktails, Location: Party Room, Invitations: Custom, Printed, Music: Band, Cleanup: Specialized Materials, ])
114,3,0.6298342541436464,SYAgent@5,(Offer  bid:Bid[Food: Chips and Nuts, Drinks: Non-Alcoholic, Location: Ballroom, Invitations: Photo, Music: DJ, Cleanup: Hired Help, ])
115,1,0.6353591160220995,LDAgent@3,(Offer  bid:Bid[Food: Handmade Food, Drinks: Handmade Cocktails, Location: Ballroom, Invitations: Custom, Printed, Music: DJ, Cleanup: Water and Soap, ])
115,2,0.6353591160220995,ParsCat@4,(Offer  bid:Bid[Food: Catering, Drinks: Handmade Cocktails, Location: Party Room, Invitations: Plain, Music: MP3, Cleanup: Special Equiment, ])
115,3,0.6353591160220995,SYAgent@5,(Offer  bid:Bid[Food: Finger-Food, Drinks: Non-Alcoholic, Location: Ballroom, Invitations: Photo, Music: MP3, Cleanup: Specialized Materials, ])
116,1,0.6408839779005525,LDAgent@3,(Offer  bid:Bid[Food: Chips and Nuts, Drinks: Beer Only, Location: Ballroom, Invitations: Plain, Music: DJ, Cleanup: Special Equiment, ])
116,2,0.6408839779005525,ParsCat@4,(Offer  bid:Bid[Food: Catering, Drinks: Handmade Cocktails, Location: Party Room, Invitations: Custom, Printed, Music: DJ, Cleanup: Specialized Materials, ])
116,3,0.6408839779005525,SYAgent@5,(Offer  bid:Bid[Food: Chips and Nuts, Drinks: Catering, Location: Ballroom, Invitations: Plain, Music: MP3, Cleanup: Hired Help, ])
117,1,0.6464088397790055,LDAgent@3,(Offer  bid:Bid[Food: Handmade Food, Drinks: Handmade Cocktails, Location: Party Room, Invitations: Custom, Handmade, Music: DJ, Cleanup: Special Equiment, ])
117,2,0.6464088397790055,ParsCat@4,(Offer  bid:Bid[Food: Handmade Food, Drinks: Catering, Location: Party Room, Invitations: Custom, Printed, Music: MP3, Cleanup: Water and Soap, ])
117,3,0.6464088397790055,SYAgent@5,(Offer  bid:Bid[Food: Catering, Drinks: Non-Alcoholic, Location: Party Tent, Invitations: Plain, Music: MP3, Cleanup: Special Equiment, ])
118,1,0.6519337016574586,LDAgent@3,(Offer  bid:Bid[Food: Chips and Nuts, Drinks: Beer Only, Location: Ballroom, Invitations: Custom, Printed, Music: Band, Cleanup: Special Equiment, ])
118,2,0.6519337016574586,ParsCat@4,(Offer  bid:Bid[Food: Catering, Drinks: Handmade Cocktails, Location: Party Room, Invitations: Plain, Music: MP3, Cleanup: Hired Help, ])
118,3,0.6519337016574586,SYAgent@5,(Offer  bid:Bid[Food: Chips and Nuts, Drinks: Handmade Cocktails, Location: Your Dorm, Invitations: Plain, Music: DJ, Cleanup: Special Equiment, ])
119,1,0.6574585635359116,LDAgent@3,(Offer  bid:Bid[Food: Chips and Nuts, Drinks: Beer Only, Location: Party Room, Invitations: Plain, Music: MP3, Cleanup: Water and Soap, ])
119,2,0.6574585635359116,ParsCat@4,(Offer  bid:Bid[Food: Catering, Drinks: Catering, Location: Party Room, Invitations: Plain, Music: MP3, Cleanup: Water and Soap, ])
119,3,0.6574585635359116,SYAgent@5,(Offer  bid:Bid[Food: Chips and Nuts, Drinks: Non-Alcoholic, Location: Party Tent, Invitations: Photo, Music: DJ, Cleanup: Specialized Materials, ])
120,1,0.6629834254143646,LDAgent@3,(Offer  bid:Bid[Food: Handmade Food, Drinks: Beer Only, Location: Party Room, Invitations: Photo, Music: MP3, Cleanup: Water and Soap, ])
120,2,0.6629834254143646,ParsCat@4,(Offer  bid:Bid[Food: Catering, Drinks: Handmade Cocktails, Location: Party Room, Invitations: Custom, Printed, Music: Band, Cleanup: Hired Help, ])
120,3,0.6629834254143646,SYAgent@5,(Offer  bid:Bid[Food: Chips and Nuts, Drinks: Handmade Cocktails, Location: Party Tent, Invitations: Custom, Printed, Music: MP3, Cleanup: Specialized Materials, ])
121,1,0.6685082872928176,LDAgent@3,(Offer  bid:Bid[Food: Handmade Food, Drinks: Handmade Cocktails, Location: Ballroom, Invitations: Custom, Handmade, Music: DJ, Cleanup: Hired Help, ])
121,2,0.6685082872928176,ParsCat@4,(Offer  bid:Bid[Food: Finger-Food, Drinks: Handmade Cocktails, Location: Party Room, Invitations: Custom, Handmade, Music: MP3, Cleanup: Water and Soap, ])
121,3,0.6685082872928176,SYAgent@5,(Offer  bid:Bid[Food: Handmade Food, Drinks: Non-Alcoholic, Location: Your Dorm, Invitations: Photo, Music: Band, Cleanup: Hired Help, ])
122,1,0.6740331491712708,LDAgent@3,(Offer  bid:Bid[Food: Chips and Nuts, Drinks: Handmade Cocktails, Location: Party Room, Invitations: Photo, Music: MP3, Cleanup: Special Equiment, ])
122,2,0.6740331491712708,ParsCat@4,(Offer  bid:Bid[Food: Catering, Drinks: Handmade Cocktails, Location: Party Room, Invitations: Photo, Music: DJ, Cleanup: Water and Soap, ])
122,3,0.6740331491712708,SYAgent@5,(Offer  bid:Bid[Food: Finger-Food, Drinks: Non-Alcoholic, Location: Party Tent, Invitations: Custom, Printed, Music: DJ, Cleanup: Specialized Materials, ])
123,1,0.6795580110497238,LDAgent@3,(Offer  bid:Bid[Food: Finger-Food, Drinks: Beer Only, Location: Party Tent, Invitations: Custom, Handmade, Music: MP3, Cleanup: Water and Soap, ])
123,2,0.6795580110497238,ParsCat@4,(Offer  bid:Bid[Food: Finger-Food, Drinks: Non-Alcoholic, Location: Party Room, Invitations: Custom, Printed, Music: Band, Cleanup: Water and Soap, ])
123,3,0.6795580110497238,SYAgent@5,(Offer  bid:Bid[Food: Chips and Nuts, Drinks: Non-Alcoholic, Location: Party Room, Invitations: Plain, Music: Band, Cleanup: Special Equiment, ])
124,1,0.6850828729281768,LDAgent@3,(Offer  bid:Bid[Food: Chips and Nuts, Drinks: Handmade Cocktails, Location: Party Room, Invitations: Plain, Music: Band, Cleanup: Specialized Materials, ])
124,2,0.6850828729281768,ParsCat@4,(Offer  bid:Bid[Food: Chips and Nuts, Drinks: Handmade Cocktails, Location: Party Room, Invitations: Custom, Printed, Music: MP3, Cleanup: Specialized Materials, ])
124,3,0.6850828729281768,SYAgent@5,(Offer  bid:Bid[Food: Chips and Nuts, Drinks: Non-Alcoholic, Location: Ballroom, Invitations: Custom, Handmade, Music: DJ, Cleanup: Water and Soap, ])
125,1,0.6906077348066298,LDAgent@3,(Offer  bid:Bid[Food: Handmade Food, Drinks: Beer Only, Location: Ballroom, Invitations: Custom, Printed, Music: DJ, Cleanup: Special Equiment, ])
125,2,0.6906077348066298,ParsCat@4,(Offer  bid:Bid[Food: Catering, Drinks: Catering, Location: Party Room, Invitations: Custom, Printed, Music: Band, Cleanup: Water and Soap, ])
125,3,0.6906077348066298,SYAgent@5,(Offer  bid:Bid[Food: Chips and Nuts, Drinks: Handmade Cocktails, Location: Party Tent, Invitations: Photo, Music: DJ, Cleanup: Special Equiment, ])
126,1,0.6961325966850829,LDAgent@3,(Offer  bid:Bid[Food: Catering, Drinks: Beer Only, Location: Party Tent, Invitations: Photo, Music: DJ, Cleanup: Water and Soap, ])
126,2,0.6961325966850829,ParsCat@4,(Offer  bid:Bid[Food: Chips and Nuts, Drinks: Handmade Cocktails, Location: Party Room, Invitations: Photo, Music: MP3, Cleanup: Water and Soap, ])
126,3,0.6961325966850829,SYAgent@5,(Offer  bid:Bid[Food: Finger-Food, Drinks: Handmade Cocktails, Location: Ballroom, Invitations: Custom, Printed, Music: MP3, Cleanup: Hired Help, ])
127,1,0.7016574585635359,LDAgent@3,(Offer  bid:Bid[Food: Handmade Food, Drinks: Handmade Cocktails, Location: Ballroom, Invitations: Custom, Printed, Music: DJ, Cleanup: Water and Soap, ])
127,2,0.7016574585635359,ParsCat@4,(Offer  bid:Bid[Food: Catering, Drinks: Non-Alcoholic, Location: Party Room, Invitations: Plain, Music: Band, Cleanup: Water and Soap, ])
127,3,0.7016574585635359,SYAgent@5,(Offer  bid:Bid[Food: Finger-Food, Drinks: Non-Alcoholic, Location: Your Dorm, Invitations: Custom, Handmade, Music: MP3, Cleanup: Hired Help, ])
128,1,0.7071823204419889,LDAgent@3,(Offer  bid:Bid[Food: Handmade Food, Drinks: Handmade Cocktails, Location: Party Room, Invitations: Custom, Handmade, Music: DJ, Cleanup: Special Equiment, ])
128,2,0.7071823204419889,ParsCat@4,(Offer  bid:Bid[Food: Catering, Drinks: Handmade Cocktails, Location: Party Tent, Invitations: Custom, Printed, Music: MP3, Cleanup: Specialized Materials, ])
128,3,0.7071823204419889,SYAgent@5,(Offer  bid:Bid[Food: Handmade Food, Drinks: Non-Alcoholic, Location: Party Tent, Invitations: Plain, Music: DJ, Cleanup: Hired Help, ])
129,1,0.712707182320442,LDAgent@3,(Offer  bid:Bid[Food: Chips and Nuts, Drinks: Beer Only, Location: Party Tent, Invitations: Custom, Handmade, Music: DJ, Cleanup: Water and Soap, ])
129,2,0.712707182320442,ParsCat@4,(Offer  bid:Bid[Food: Catering, Drinks: Non-Alcoholic, Location: Party Room, Invitations: Custom, Printed, Music: DJ, Cleanup: Water and Soap, ])
129,3,0.712707182320442,SYAgent@5,(Offer  bid:Bid[Food: Handmade Food, Drinks: Non-Alcoholic, Location: Party Tent, Invitations: Plain, Music: MP3, Cleanup: Hired Help, ])
130,1,0.7182320441988951,LDAgent@3,(Offer  bid:Bid[Food: Handmade Food, Drinks: Handmade Cocktails, Location: Party Room, Invitations: Custom, Handmade, Music: DJ, Cleanup: Special Equiment, ])
130,2,0.7182320441988951,ParsCat@4,(Offer  bid:Bid[Food: Catering, Drinks: Non-Alcoholic, Location: Your Dorm, Invitations: Custom, Printed, Music: MP3, Cleanup: Water and Soap, ])
130,3,0.7182320441988951,SYAgent@5,(Offer  bid:Bid[Food: Chips and Nuts, Drinks: Non-Alcoholic, Location: Ballroom, Invitations: Custom, Handmade, Music: Band, Cleanup: Water and Soap, ])
131,1,0.7237569060773481,LDAgent@3,(Offer  bid:Bid[Food: Finger-Food, Drinks: Beer Only, Location: Your Dorm, Invitations: Photo, Music: DJ, Cleanup: Water and Soap, ])
131,2,0.7237569060773481,ParsCat@4,(Offer  bid:Bid[Food: Chips and Nuts, Drinks: Handmade Cocktails, Location: Your Dorm, Invitations: Custom, Printed, Music: DJ, Cleanup: Water and Soap, ])
131,3,0.7237569060773481,SYAgent@5,(Offer  bid:Bid[Food: Chips and Nuts, Drinks: Handmade Cocktails, Location: Party Tent, Invitations: Custom, Printed, Music: DJ, Cleanup: Specialized Materials, ])
132,1,0.7292817679558011,LDAgent@3,(Accept  bid:Bid[Food: Chips and Nuts, Drinks: Handmade Cocktails, Location: Party Tent, Invitations: Custom, Printed, Music: DJ, Cleanup: Specialized Materials, ])
132,2,0.7292817679558011,ParsCat@4,(Offer  bid:Bid[Food: Chips and Nuts, Drinks: Handmade Cocktails, Location: Party Room, Invitations: Plain, Music: MP3, Cleanup: Specialized Materials, ])
132,3,0.7292817679558011,SYAgent@5,(Offer  bid:Bid[Food: Chips and Nuts, Drinks: Non-Alcoholic, Location: Party Tent, Invitations: Custom, Printed, Music: Band, Cleanup: Special Equiment, ])
133,1,0.7348066298342542,LDAgent@3,(Offer  bid:Bid[Food: Handmade Food, Drinks: Beer Only, Location: Party Room, Invitations: Custom, Handmade, Music: Band, Cleanup: Hired Help, ])
133,2,0.7348066298342542,ParsCat@4,(Offer  bid:Bid[Food: Catering, Drinks: Handmade Cocktails, Location: Party Tent, Invitations: Plain, Music: MP3, Cleanup: Specialized Materials, ])
133,3,0.7348066298342542,SYAgent@5,(Offer  bid:Bid[Food: Handmade Food, Drinks: Non-Alcoholic, Location: Party Tent, Invitations: Custom, Printed, Music: Band, Cleanup: Special Equiment, ])
134,1,0.7403314917127072,LDAgent@3,(Offer  bid:Bid[Food: Chips and Nuts, Drinks: Catering, Location: Party Room, Invitations: Photo, Music: DJ, Cleanup: Special Equiment, ])
134,2,0.7403314917127072,ParsCat@4,(Offer  bid:Bid[Food: Finger-Food, Drinks: Handmade Cocktails, Location: Party Room, Invitations: Custom, Handmade, Music: MP3, Cleanup: Water and Soap, ])
134,3,0.7403314917127072,SYAgent@5,(Offer  bid:Bid[Food: Chips and Nuts, Drinks: Non-Alcoholic, Location: Party Tent, Invitations: Photo, Music: DJ, Cleanup: Water and Soap, ])
135,1,0.7458563535911602,LDAgent@3,(Offer  bid:Bid[Food: Handmade Food, Drinks: Beer Only, Location: Party Room, Invitations: Custom, Handmade, Music: Band, Cleanup: Specialized Materials, ])
135,2,0.7458563535911602,ParsCat@4,(Offer  bid:Bid[Food: Handmade Food, Drinks: Beer Only, Location: Party Room, Invitations: Plain, Music: Band, Cleanup: Water and Soap, ])
135,3,0.7458563535911602,SYAgent@5,(Offer  bid:Bid[Food: Chips and Nuts, Drinks: Non-Alcoholic, Location: Party Tent, Invitations: Plain, Music: MP3, Cleanup: Water and Soap, ])
136,1,0.7513812154696132,LDAgent@3,(Offer  bid:Bid[Food: Finger-Food, Drinks: Beer Only, Location: Party Room, Invitations: Custom, Printed, Music: MP3, Cleanup: Water and Soap, ])
136,2,0.7513812154696132,ParsCat@4,(Offer  bid:Bid[Food: Handmade Food, Drinks: Catering, Location: Party Room, Invitations: Custom, Printed, Music: MP3, Cleanup: Water and Soap, ])
136,3,0.7513812154696132,SYAgent@5,(Offer  bid:Bid[Food: Handmade Food, Drinks: Non-Alcoholic, Location: Party Tent, Invitations: Photo, Music: Band, Cleanup: Hired Help, ])
137,1,0.7569060773480663,LDAgent@3,(Offer  bid:Bid[Food: Chips and Nuts, Drinks: Handmade Cocktails, Location: Party Tent, Invitations: Custom, Handmade, Music: DJ, Cleanup: Hired Help, ])
137,2,0.7569060773480663,ParsCat@4,(Offer  bid:Bid[Food: Catering, Drinks: Handmade Cocktails, Location: Party Tent, Invitations: Plain, Music: MP3, Cleanup: Specialized Materials, ])
137,3,0.7569060773480663,SYAgent@5,(Offer  bid:Bid[Food: Catering, Drinks: Non-Alcoholic, Location: Party Tent, Invitations: Plain, Music: Band, Cleanup: Hired Help, ])
138,1,0.7624309392265194,LDAgent@3,(Offer  bid:Bid[Food: Handmade Food, Drinks: Beer Only, Location: Party Room, Invitations: Custom, Handmade, Music: MP3, Cleanup: Special Equiment, ])
138,2,0.7624309392265194,ParsCat@4,(Offer  bid:Bid[Food: Finger-Food, Drinks: Catering, Location: Party Room, Invitations: Custom, Printed, Music: MP3, Cleanup: Water and Soap, ])
138,3,0.7624309392265194,SYAgent@5,(Offer  bid:Bid[Food: Handmade Food, Drinks: Non-Alcoholic, Location: Party Tent, Invitations: Plain, Music: Band, Cleanup: Special Equiment, ])
139,1,0.7679558011049724,LDAgent@3,(Offer  bid:Bid[Food: Handmade Food, Drinks: Beer Only, Location: Ballroom, Invitations: Plain, Music: DJ, Cleanup: Specialized Materials, ])
139,2,0.7679558011049724,ParsCat@4,(Offer  bid:Bid[Food: Finger-Food, Drinks: Handmade Cocktails, Location: Party Room, Invitations: Custom, Printed, Music: MP3, Cleanup: Hired Help, ])
139,3,0.7679558011049724,SYAgent@5,(Offer  bid:Bid[Food: Finger-Food, Drinks: Non-Alcoholic, Location: Ballroom, Invitations: Plain, Music: DJ, Cleanup: Hired Help, ])
140,1,0.7734806629834254,LDAgent@3,(Offer  bid:Bid[Food: Handmade Food, Drinks: Handmade Cocktails, Location: Party Room, Invitations: Photo, Music: DJ, Cleanup: Special Equiment, ])
140,2,0.7734806629834254,ParsCat@4,(Offer  bid:Bid[Food: Finger-Food, Drinks: Handmade Cocktails, Location: Party Room, Invitations: Custom, Printed, Music: MP3, Cleanup: Hired Help, ])
140,3,0.7734806629834254,SYAgent@5,(Offer  bid:Bid[Food: Chips and Nuts, Drinks: Non-Alcoholic, Location: Your Dorm, Invitations: Custom, Printed, Music: DJ, Cleanup: Hired Help, ])
141,1,0.7790055248618785,LDAgent@3,(Offer  bid:Bid[Food: Chips and Nuts, Drinks: Beer Only, Location: Party Tent, Invitations: Photo, Music: MP3, Cleanup: Special Equiment, ])
141,2,0.7790055248618785,ParsCat@4,(Offer  bid:Bid[Food: Catering, Drinks: Catering, Location: Party Room, Invitations: Plain, Music: Band, Cleanup: Water and Soap, ])
141,3,0.7790055248618785,SYAgent@5,(Offer  bid:Bid[Food: Chips and Nuts, Drinks: Non-Alcoholic, Location: Your Dorm, Invitations: Custom, Printed, Music: MP3, Cleanup: Hired Help, ])
142,1,0.7845303867403315,LDAgent@3,(Offer  bid:Bid[Food: Finger-Food, Drinks: Handmade Cocktails, Location: Party Tent, Invitations: Custom, Handmade, Music: DJ, Cleanup: Specialized Materials, ])
142,2,0.7845303867403315,ParsCat@4,(Offer  bid:Bid[Food: Chips and Nuts, Drinks: Non-Alcoholic, Location: Party Room, Invitations: Custom, Printed, Music: MP3, Cleanup: Water and Soap, ])
142,3,0.7845303867403315,SYAgent@5,(Offer  bid:Bid[Food: Chips and Nuts, Drinks: Non-Alcoholic, Location: Ballroom, Invitations: Plain, Music: MP3, Cleanup: Hired Help, ])
143,1,0.7900552486187845,LDAgent@3,(Offer  bid:Bid[Food: Catering, Drinks: Beer Only, Location: Ballroom, Invitations: Photo, Music: MP3, Cleanup: Specialized Materials, ])
143,2,0.7900552486187845,ParsCat@4,(Offer  bid:Bid[Food: Catering, Drinks: Beer Only, Location: Party Room, Invitations: Plain, Music: Band, Cleanup: Water and Soap, ])
143,3,0.7900552486187845,SYAgent@5,(Offer  bid:Bid[Food: Chips and Nuts, Drinks: Non-Alcoholic, Location: Party Tent, Invitations: Custom, Printed, Music: DJ, Cleanup: Hired Help, ])
144,1,0.7955801104972375,LDAgent@3,(Offer  bid:Bid[Food: Handmade Food, Drinks: Beer Only, Location: Party Tent, Invitations: Custom, Printed, Music: DJ, Cleanup: Special Equiment, ])
144,2,0.7955801104972375,ParsCat@4,(Offer  bid:Bid[Food: Finger-Food, Drinks: Catering, Location: Party Room, Invitations: Custom, Printed, Music: MP3, Cleanup: Water and Soap, ])
144,3,0.7955801104972375,SYAgent@5,(Offer  bid:Bid[Food: Chips and Nuts, Drinks: Non-Alcoholic, Location: Your Dorm, Invitations: Photo, Music: DJ, Cleanup: Hired Help, ])
145,1,0.8011049723756906,LDAgent@3,(Offer  bid:Bid[Food: Chips and Nuts, Drinks: Beer Only, Location: Party Room, Invitations: Plain, Music: MP3, Cleanup: Specialized Materials, ])
145,2,0.8011049723756906,ParsCat@4,(Offer  bid:Bid[Food: Handmade Food, Drinks: Handmade Cocktails, Location: Ballroom, Invitations: Custom, Printed, Music: Band, Cleanup: Water and Soap, ])
145,3,0.8011049723756906,SYAgent@5,(Offer  bid:Bid[Food: Chips and Nuts, Drinks: Non-Alcoholic, Location: Party Tent, Invitations: Custom, Handmade, Music: DJ, Cleanup: Hired Help, ])
146,1,0.8066298342541437,LDAgent@3,(Offer  bid:Bid[Food: Chips and Nuts, Drinks: Beer Only, Location: Ballroom, Invitations: Custom, Handmade, Music: DJ, Cleanup: Special Equiment, ])
146,2,0.8066298342541437,ParsCat@4,(Offer  bid:Bid[Food: Finger-Food, Drinks: Handmade Cocktails, Location: Party Room, Invitations: Plain, Music: DJ, Cleanup: Water and Soap, ])
146,3,0.8066298342541437,SYAgent@5,(Offer  bid:Bid[Food: Handmade Food, Drinks: Non-Alcoholic, Location: Party Tent, Invitations: Custom, Printed, Music: Band, Cleanup: Hired Help, ])
147,1,0.8121546961325967,LDAgent@3,(Offer  bid:Bid[Food: Chips and Nuts, Drinks: Beer Only, Location: Party Room, Invitations: Plain, Music: Band, Cleanup: Water and Soap, ])
147,2,0.8121546961325967,ParsCat@4,(Offer  bid:Bid[Food: Handmade Food, Drinks: Handmade Cocktails, Location: Party Tent, Invitations: Plain, Music: Band, Cleanup: Water and Soap, ])
147,3,0.8121546961325967,SYAgent@5,(Offer  bid:Bid[Food: Chips and Nuts, Drinks: Non-Alcoholic, Location: Ballroom, Invitations: Plain, Music: Band, Cleanup: Water and Soap, ])
148,1,0.8176795580110497,LDAgent@3,(Offer  bid:Bid[Food: Chips and Nuts, Drinks: Beer Only, Location: Ballroom, Invitations: Custom, Handmade, Music: Band, Cleanup: Special Equiment, ])
148,2,0.8176795580110497,ParsCat@4,(Offer  bid:Bid[Food: Finger-Food, Drinks: Handmade Cocktails, Location: Party Room, Invitations: Plain, Music: DJ, Cleanup: Water and Soap, ])
148,3,0.8176795580110497,SYAgent@5,(Offer  bid:Bid[Food: Chips and Nuts, Drinks: Non-Alcoholic, Location: Your Dorm, Invitations: Custom, Handmade, Music: Band, Cleanup: Hired Help, ])
149,1,0.8232044198895028,LDAgent@3,(Offer  bid:Bid[Food: Handmade Food, Drinks: Handmade Cocktails, Location: Party Room, Invitations: Custom, Printed, Music: DJ, Cleanup: Hired Help, ])
149,2,0.8232044198895028,ParsCat@4,(Offer  bid:Bid[Food: Chips and Nuts, Drinks: Handmade Cocktails, Location: Party Tent, Invitations: Custom, Printed, Music: MP3, Cleanup: Water and Soap, ])
149,3,0.8232044198895028,SYAgent@5,(Offer  bid:Bid[Food: Chips and Nuts, Drinks: Non-Alcoholic, Location: Your Dorm, Invitations: Custom, Printed, Music: Band, Cleanup: Special Equiment, ])
150,1,0.8287292817679558,LDAgent@3,(Offer  bid:Bid[Food: Chips and Nuts, Drinks: Beer Only, Location: Party Tent, Invitations: Photo, Music: MP3, Cleanup: Water and Soap, ])
150,2,0.8287292817679558,ParsCat@4,(Offer  bid:Bid[Food: Chips and Nuts, Drinks: Handmade Cocktails, Location: Party Room, Invitations: Plain, Music: Band, Cleanup: Water and Soap, ])
150,3,0.8287292817679558,SYAgent@5,(Offer  bid:Bid[Food: Chips and Nuts, Drinks: Non-Alcoholic, Location: Party Tent, Invitations: Plain, Music: DJ, Cleanup: Special Equiment, ])
151,1,0.8342541436464088,LDAgent@3,(Offer  bid:Bid[Food: Chips and Nuts, Drinks: Beer Only, Location: Your Dorm, Invitations: Custom, Printed, Music: DJ, Cleanup: Water and Soap, ])
151,2,0.8342541436464088,ParsCat@4,(Offer  bid:Bid[Food: Handmade Food, Drinks: Handmade Cocktails, Location: Party Tent, Invitations: Plain, Music: Band, Cleanup: Water and Soap, ])
151,3,0.8342541436464088,SYAgent@5,(Offer  bid:Bid[Food: Chips and Nuts, Drinks: Non-Alcoholic, Location: Party Tent, Invitations: Custom, Handmade, Music: DJ, Cleanup: Hired Help, ])
152,1,0.8397790055248618,LDAgent@3,(Offer  bid:Bid[Food: Chips and Nuts, Drinks: Handmade Cocktails, Location: Party Room, Invitations: Custom, Handmade, Music: MP3, Cleanup: Water and Soap, ])
152,2,0.8397790055248618,ParsCat@4,(Offer  bid:Bid[Food: Catering, Drinks: Handmade Cocktails, Location: Your Dorm, Invitations: Plain, Music: Band, Cleanup: Water and Soap, ])
152,3,0.8397790055248618,SYAgent@5,(Offer  bid:Bid[Food: Chips and Nuts, Drinks: Non-Alcoholic, Location: Ballroom, Invitations: Custom, Handmade, Music: MP3, Cleanup: Special Equiment, ])
153,1,0.8453038674033149,LDAgent@3,(Offer  bid:Bid[Food: Chips and Nuts, Drinks: Beer Only, Location: Party Tent, Invitations: Custom, Printed, Music: DJ, Cleanup: Hired Help, ])
153,2,0.8453038674033149,ParsCat@4,(Offer  bid:Bid[Food: Chips and Nuts, Drinks: Handmade Cocktails, Location: Party Room, Invitations: Custom, Printed, Music: DJ, Cleanup: Water and Soap, ])
153,3,0.8453038674033149,SYAgent@5,(Offer  bid:Bid[Food: Chips and Nuts, Drinks: Handmade Cocktails, Location: Party Tent, Invitations: Photo, Music: Band, Cleanup: Special Equiment, ])
154,1,0.850828729281768,LDAgent@3,(Offer  bid:Bid[Food: Handmade Food, Drinks: Beer Only, Location: Party Room, Invitations: Custom, Handmade, Music: Band, Cleanup: Water and Soap, ])
154,2,0.850828729281768,ParsCat@4,(Offer  bid:Bid[Food: Handmade Food, Drinks: Handmade Cocktails, Location: Party Tent, Invitations: Custom, Printed, Music: Band, Cleanup: Water and Soap, ])
154,3,0.850828729281768,SYAgent@5,(Offer  bid:Bid[Food: Chips and Nuts, Drinks: Non-Alcoholic, Location: Party Tent, Invitations: Custom, Handmade, Music: MP3, Cleanup: Specialized Materials, ])
155,1,0.856353591160221,LDAgent@3,(Offer  bid:Bid[Food: Chips and Nuts, Drinks: Beer Only, Location: Ballroom, Invitations: Custom, Printed, Music: Band, Cleanup: Special Equiment, ])
155,2,0.856353591160221,ParsCat@4,(Offer  bid:Bid[Food: Handmade Food, Drinks: Handmade Cocktails, Location: Ballroom, Invitations: Custom, Printed, Music: MP3, Cleanup: Water and Soap, ])
155,3,0.856353591160221,SYAgent@5,(Offer  bid:Bid[Food: Chips and Nuts, Drinks: Non-Alcoholic, Location: Party Tent, Invitations: Custom, Handmade, Music: DJ, Cleanup: Special Equiment, ])
156,1,0.861878453038674,LDAgent@3,(Offer  bid:Bid[Food: Handmade Food, Drinks: Beer Only, Location: Party Room, Invitations: Plain, Music: Band, Cleanup: Water and Soap, ])
156,2,0.861878453038674,ParsCat@4,(Offer  bid:Bid[Food: Handmade Food, Drinks: Handmade Cocktails, Location: Party Tent, Invitations: Custom, Printed, Music: Band, Cleanup: Water and Soap, ])
156,3,0.861878453038674,SYAgent@5,(Offer  bid:Bid[Food: Chips and Nuts, Drinks: Non-Alcoholic, Location: Party Tent, Invitations: Photo, Music: Band, Cleanup: Special Equiment, ])
157,1,0.8674033149171271,LDAgent@3,(Offer  bid:Bid[Food: Chips and Nuts, Drinks: Handmade Cocktails, Location: Ballroom, Invitations: Custom, Handmade, Music: Band, Cleanup: Specialized Materials, ])
157,2,0.8674033149171271,ParsCat@4,(Offer  bid:Bid[Food: Finger-Food, Drinks: Handmade Cocktails, Location: Party Tent, Invitations: Plain, Music: MP3, Cleanup: Water and Soap, ])
157,3,0.8674033149171271,SYAgent@5,(Offer  bid:Bid[Food: Finger-Food, Drinks: Non-Alcoholic, Location: Ballroom, Invitations: Plain, Music: Band, Cleanup: Hired Help, ])
158,1,0.8729281767955801,LDAgent@3,(Offer  bid:Bid[Food: Finger-Food, Drinks: Beer Only, Location: Party Room, Invitations: Plain, Music: MP3, Cleanup: Hired Help, ])
158,2,0.8729281767955801,ParsCat@4,(Offer  bid:Bid[Food: Handmade Food, Drinks: Handmade Cocktails, Location: Party Tent, Invitations: Plain, Music: MP3, Cleanup: Water and Soap, ])
158,3,0.8729281767955801,SYAgent@5,(Offer  bid:Bid[Food: Chips and Nuts, Drinks: Non-Alcoholic, Location: Party Tent, Invitations: Custom, Printed, Music: Band, Cleanup: Special Equiment, ])
159,1,0.8784530386740331,LDAgent@3,(Offer  bid:Bid[Food: Handmade Food, Drinks: Beer Only, Location: Party Room, Invitations: Custom, Handmade, Music: MP3, Cleanup: Hired Help, ])
159,2,0.8784530386740331,ParsCat@4,(Offer  bid:Bid[Food: Catering, Drinks: Handmade Cocktails, Location: Your Dorm, Invitations: Custom, Printed, Music: Band, Cleanup: Water and Soap, ])
159,3,0.8784530386740331,SYAgent@5,(Offer  bid:Bid[Food: Chips and Nuts, Drinks: Handmade Cocktails, Location: Party Tent, Invitations: Plain, Music: Band, Cleanup: Special Equiment, ])
160,1,0.8839779005524862,LDAgent@3,(Offer  bid:Bid[Food: Catering, Drinks: Handmade Cocktails, Location: Party Room, Invitations: Plain, Music: DJ, Cleanup: Specialized Materials, ])
160,2,0.8839779005524862,ParsCat@4,(Offer  bid:Bid[Food: Catering, Drinks: Handmade Cocktails, Location: Your Dorm, Invitations: Plain, Music: Band, Cleanup: Water and Soap, ])
160,3,0.8839779005524862,SYAgent@5,(Offer  bid:Bid[Food: Chips and Nuts, Drinks: Handmade Cocktails, Location: Ballroom, Invitations: Plain, Music: Band, Cleanup: Hired Help, ])
161,1,0.8895027624309392,LDAgent@3,(Offer  bid:Bid[Food: Chips and Nuts, Drinks: Handmade Cocktails, Location: Party Room, Invitations: Plain, Music: DJ, Cleanup: Specialized Materials, ])
161,2,0.8895027624309392,ParsCat@4,(Offer  bid:Bid[Food: Chips and Nuts, Drinks: Handmade Cocktails, Location: Party Room, Invitations: Plain, Music: Band, Cleanup: Water and Soap, ])
161,3,0.8895027624309392,SYAgent@5,(Offer  bid:Bid[Food: Chips and Nuts, Drinks: Non-Alcoholic, Location: Ballroom, Invitations: Custom, Handmade, Music: Band, Cleanup: Special Equiment, ])
162,1,0.8950276243093923,LDAgent@3,(Offer  bid:Bid[Food: Finger-Food, Drinks: Beer Only, Location: Party Room, Invitations: Custom, Printed, Music: DJ, Cleanup: Water and Soap, ])
162,2,0.8950276243093923,ParsCat@4,(Offer  bid:Bid[Food: Chips and Nuts, Drinks: Handmade Cocktails, Location: Party Room, Invitations: Custom, Printed, Music: Band, Cleanup: Water and Soap, ])
162,3,0.8950276243093923,SYAgent@5,(Offer  bid:Bid[Food: Chips and Nuts, Drinks: Non-Alcoholic, Location: Party Tent, Invitations: Photo, Music: MP3, Cleanup: Hired Help, ])
163,1,0.9005524861878453,LDAgent@3,(Offer  bid:Bid[Food: Finger-Food, Drinks: Beer Only, Location: Party Tent, Invitations: Plain, Music: DJ, Cleanup: Specialized Materials, ])
163,2,0.9005524861878453,ParsCat@4,(Offer  bid:Bid[Food: Handmade Food, Drinks: Handmade Cocktails, Location: Party Room, Invitations: Plain, Music: MP3, Cleanup: Water and Soap, ])
163,3,0.9005524861878453,SYAgent@5,(Offer  bid:Bid[Food: Chips and Nuts, Drinks: Non-Alcoholic, Location: Party Tent, Invitations: Custom, Printed, Music: DJ, Cleanup: Hired Help, ])
164,1,0.9060773480662984,LDAgent@3,(Offer  bid:Bid[Food: Chips and Nuts, Drinks: Beer Only, Location: Ballroom, Invitations: Custom, Handmade, Music: Band, Cleanup: Water and Soap, ])
164,2,0.9060773480662984,ParsCat@4,(Offer  bid:Bid[Food: Catering, Drinks: Handmade Cocktails, Location: Party Room, Invitations: Custom, Printed, Music: MP3, Cleanup: Water and Soap, ])
164,3,0.9060773480662984,SYAgent@5,(Offer  bid:Bid[Food: Chips and Nuts, Drinks: Handmade Cocktails, Location: Party Tent, Invitations: Plain, Music: Band, Cleanup: Special Equiment, ])
165,1,0.9116022099447514,LDAgent@3,(Offer  bid:Bid[Food: Finger-Food, Drinks: Beer Only, Location: Party Room, Invitations: Custom, Printed, Music: DJ, Cleanup: Water and Soap, ])
165,2,0.9116022099447514,ParsCat@4,(Offer  bid:Bid[Food: Catering, Drinks: Handmade Cocktails, Location: Party Room, Invitations: Plain, Music: MP3, Cleanup: Water and Soap, ])
165,3,0.9116022099447514,SYAgent@5,(Offer  bid:Bid[Food: Chips and Nuts, Drinks: Handmade Cocktails, Location: Party Tent, Invitations: Plain, Music: MP3, Cleanup: Hired Help, ])
166,1,0.9171270718232044,LDAgent@3,(Offer  bid:Bid[Food: Catering, Drinks: Beer Only, Location: Ballroom, Invitations: Custom, Handmade, Music: DJ, Cleanup: Special Equiment, ])
166,2,0.9171270718232044,ParsCat@4,(Offer  bid:Bid[Food: Catering, Drinks: Handmade Cocktails, Location: Party Room, Invitations: Plain, Music: MP3, Cleanup: Water and Soap, ])
166,3,0.9171270718232044,SYAgent@5,(Offer  bid:Bid[Food: Chips and Nuts, Drinks: Non-Alcoholic, Location: Party Tent, Invitations: Photo, Music: DJ, Cleanup: Hired Help, ])
167,1,0.9226519337016574,LDAgent@3,(Offer  bid:Bid[Food: Chips and Nuts, Drinks: Beer Only, Location: Party Room, Invitations: Custom, Printed, Music: Band, Cleanup: Hired Help, ])
167,2,0.9226519337016574,ParsCat@4,(Offer  bid:Bid[Food: Catering, Drinks: Handmade Cocktails, Location: Party Room, Invitations: Plain, Music: MP3, Cleanup: Water and Soap, ])
167,3,0.9226519337016574,SYAgent@5,(Offer  bid:Bid[Food: Chips and Nuts, Drinks: Non-Alcoholic, Location: Party Tent, Invitations: Photo, Music: DJ, Cleanup: Hired Help, ])
168,1,0.9281767955801105,LDAgent@3,(Offer  bid:Bid[Food: Finger-Food, Drinks: Handmade Cocktails, Location: Party Room, Invitations: Custom, Printed, Music: DJ, Cleanup: Specialized Materials, ])
168,2,0.9281767955801105,ParsCat@4,(Accept  bid:Bid[Food: Finger-Food, Drinks: Handmade Cocktails, Location: Party Room, Invitations: Custom, Printed, Music: DJ, Cleanup: Specialized Materials, ])
168,3,0.9281767955801105,SYAgent@5,(Offer  bid:Bid[Food: Chips and Nuts, Drinks: Non-Alcoholic, Location: Party Tent, Invitations: Photo, Music: MP3, Cleanup: Special Equiment, ])
169,1,0.9337016574585635,LDAgent@3,(Offer  bid:Bid[Food: Chips and Nuts, Drinks: Handmade Cocktails, Location: Party Tent, Invitations: Photo, Music: DJ, Cleanup: Specialized Materials, ])
169,2,0.9337016574585635,ParsCat@4,(Offer  bid:Bid[Food: Catering, Drinks: Handmade Cocktails, Location: Party Room, Invitations: Plain, Music: MP3, Cleanup: Water and Soap, ])
169,3,0.9337016574585635,SYAgent@5,(Offer  bid:Bid[Food: Chips and Nuts, Drinks: Non-Alcoholic, Location: Ballroom, Invitations: Plain, Music: Band, Cleanup: Hired Help, ])
170,1,0.9392265193370166,LDAgent@3,(Offer  bid:Bid[Food: Catering, Drinks: Beer Only, Location: Ballroom, Invitations: Photo, Music: DJ, Cleanup: Specialized Materials, ])
170,2,0.9392265193370166,ParsCat@4,(Offer  bid:Bid[Food: Catering, Drinks: Handmade Cocktails, Location: Party Room, Invitations: Plain, Music: MP3, Cleanup: Water and Soap, ])
170,3,0.9392265193370166,SYAgent@5,(Offer  bid:Bid[Food: Chips and Nuts, Drinks: Non-Alcoholic, Location: Ballroom, Invitations: Plain, Music: MP3, Cleanup: Hired Help, ])
171,1,0.9447513812154696,LDAgent@3,(Offer  bid:Bid[Food: Finger-Food, Drinks: Beer Only, Location: Party Tent, Invitations: Plain, Music: DJ, Cleanup: Specialized Materials, ])
171,2,0.9447513812154696,ParsCat@4,(Offer  bid:Bid[Food: Catering, Drinks: Handmade Cocktails, Location: Party Room, Invitations: Custom, Printed, Music: MP3, Cleanup: Water and Soap, ])
171,3,0.9447513812154696,SYAgent@5,(Offer  bid:Bid[Food: Chips and Nuts, Drinks: Non-Alcoholic, Location: Party Tent, Invitations: Plain, Music: DJ, Cleanup: Hired Help, ])
172,1,0.9502762430939227,LDAgent@3,(Offer  bid:Bid[Food: Handmade Food, Drinks: Beer Only, Location: Party Room, Invitations: Plain, Music: MP3, Cleanup: Hired Help, ])
172,2,0.9502762430939227,ParsCat@4,(Accept  bid:Bid[Food: Handmade Food, Drinks: Beer Only, Location: Party Room, Invitations: Plain, Music: MP3, Cleanup: Hired Help, ])
172,3,0.9502762430939227,SYAgent@5,(Offer  bid:Bid[Food: Chips and Nuts, Drinks: Non-Alcoholic, Location: Ballroom, Invitations: Plain, Music: Band, Cleanup: Special Equiment, ])
173,1,0.9558011049723757,LDAgent@3,(Offer  bid:Bid[Food: Chips and Nuts, Drinks: Beer Only, Location: Ballroom, Invitations: Custom, Handmade, Music: Band, Cleanup: Special Equiment, ])
173,2,0.9558011049723757,ParsCat@4,(Offer  bid:Bid[Food: Handmade Food, Drinks: Handmade Cocktails, Location: Party Room, Invitations: Plain, Music: Band, Cleanup: Specialized Materials, ])
173,3,0.9558011049723757,SYAgent@5,(Offer  bid:Bid[Food: Chips and Nuts, Drinks: Non-Alcoholic, Location: Party Tent, Invitations: Plain, Music: DJ, Cleanup: Hired Help, ])
174,1,0.9613259668508287,LDAgent@3,(Offer  bid:Bid[Food: Handmade Food, Drinks: Handmade Cocktails, Location: Ballroom, Invitations: Custom, Handmade, Music: DJ, Cleanup: Water and Soap, ])
174,2,0.9613259668508287,ParsCat@4,(Accept  bid:Bid[Food: Handmade Food, Drinks: Handmade Cocktails, Location: Ballroom, Invitations: Custom, Handmade, Music: DJ, Cleanup: Water and Soap, ])
174,3,0.9613259668508287,SYAgent@5,(Offer  bid:Bid[Food: Chips and Nuts, Drinks: Non-Alcoholic, Location: Ballroom, Invitations: Plain, Music: MP3, Cleanup: Hired Help, ])
175,1,0.9668508287292817,LDAgent@3,(Offer  bid:Bid[Food: Chips and Nuts, Drinks: Handmade Cocktails, Location: Ballroom, Invitations: Custom, Printed, Music: DJ, Cleanup: Hired Help, ])
175,2,0.9668508287292817,ParsCat@4,(Offer  bid:Bid[Food: Finger-Food, Drinks: Handmade Cocktails, Location: Party Room, Invitations: Custom, Printed, Music: Band, Cleanup: Specialized Materials, ])
175,3,0.9668508287292817,SYAgent@5,(Offer  bid:Bid[Food: Chips and Nuts, Drinks: Non-Alcoholic, Location: Ballroom, Invitations: Plain, Music: Band, Cleanup: Special Equiment, ])
176,1,0.9723756906077348,LDAgent@3,(Offer  bid:Bid[Food: Chips and Nuts, Drinks: Handmade Cocktails, Location: Party Room, Invitations: Custom, Printed, Music: MP3, Cleanup: Hired Help, ])
176,2,0.9723756906077348,ParsCat@4,(Accept  bid:Bid[Food: Chips and Nuts, Drinks: Handmade Cocktails, Location: Party Room, Invitations: Custom, Printed, Music: MP3, Cleanup: Hired Help, ])
176,3,0.9723756906077348,SYAgent@5,(Offer  bid:Bid[Food: Chips and Nuts, Drinks: Non-Alcoholic, Location: Party Tent, Invitations: Plain, Music: Band, Cleanup: Hired Help, ])
177,1,0.9779005524861878,LDAgent@3,(Offer  bid:Bid[Food: Chips and Nuts, Drinks: Beer Only, Location: Party Tent, Invitations: Custom, Handmade, Music: DJ, Cleanup: Hired Help, ])
177,2,0.9779005524861878,ParsCat@4,(Offer  bid:Bid[Food: Finger-Food, Drinks: Beer Only, Location: Party Room, Invitations: Custom, Printed, Music: Band, Cleanup: Water and Soap, ])
177,3,0.9779005524861878,SYAgent@5,(Offer  bid:Bid[Food: Chips and Nuts, Drinks: Non-Alcoholic, Location: Party Tent, Invitations: Plain, Music: Band, Cleanup: Special Equiment, ])
178,1,0.9834254143646409,LDAgent@3,(Offer  bid:Bid[Food: Chips and Nuts, Drinks: Handmade Cocktails, Location: Party Room, Invitations: Custom, Handmade, Music: DJ, Cleanup: Hired Help, ])
178,2,0.9834254143646409,ParsCat@4,(Offer  bid:Bid[Food: Handmade Food, Drinks: Catering, Location: Party Room, Invitations: Plain, Music: MP3, Cleanup: Water and Soap, ])
178,3,0.9834254143646409,SYAgent@5,(Offer  bid:Bid[Food: Chips and Nuts, Drinks: Non-Alcoholic, Location: Ballroom, Invitations: Custom, Printed, Music: Band, Cleanup: Hired Help, ])
179,1,0.988950276243094,LDAgent@3,(Offer  bid:Bid[Food: Handmade Food, Drinks: Beer Only, Location: Ballroom, Invitations: Custom, Handmade, Music: MP3, Cleanup: Specialized Materials, ])
179,2,0.988950276243094,ParsCat@4,(Offer  bid:Bid[Food: Finger-Food, Drinks: Handmade Cocktails, Location: Party Room, Invitations: Custom, Handmade, Music: MP3, Cleanup: Water and Soap, ])
179,3,0.988950276243094,SYAgent@5,(Offer  bid:Bid[Food: Chips and Nuts, Drinks: Non-Alcoholic, Location: Party Tent, Invitations: Plain, Music: Band, Cleanup: Special Equiment, ])
180,1,0.994475138121547,LDAgent@3,(Offer  bid:Bid[Food: Finger-Food, Drinks: Handmade Cocktails, Location: Party Room, Invitations: Custom, Handmade, Music: DJ, Cleanup: Specialized Materials, ])
180,2,0.994475138121547,ParsCat@4,(Offer  bid:Bid[Food: Catering, Drinks: Handmade Cocktails, Location: Party Tent, Invitations: Custom, Printed, Music: MP3, Cleanup: Hired Help, ])
180,3,0.994475138121547,SYAgent@5,(Offer  bid:Bid[Food: Chips and Nuts, Drinks: Non-Alcoholic, Location: Party Tent, Invitations: Photo, Music: Band, Cleanup: Hired Help, ])
ended-no-agreement
